MEM,Memory MB VM-12-13-centos,memtotal,hightotal,lowtotal,swaptotal,memfree,highfree,lowfree,swapfree,memshared,cached,active,bigfree,buffers,swapcached,inactive
MEM,T0001,3694.2,-0.0,-0.0,0.0,718.3,-0.0,-0.0,0.0,-0.0,1949.4,2064.1,-1.0,212.1,0.0,601.6
MEM,T0002,3694.2,-0.0,-0.0,0.0,718.6,-0.0,-0.0,0.0,-0.0,1949.4,2064.1,-1.0,212.1,0.0,601.6
MEM,T0003,3694.2,-0.0,-0.0,0.0,718.7,-0.0,-0.0,0.0,-0.0,1949.4,2064.1,-1.0,212.1,0.0,601.6
MEM,T0004,3694.2,-0.0,-0.0,0.0,718.9,-0.0,-0.0,0.0,-0.0,1949.4,2064.1,-1.0,212.1,0.0,601.6
MEM,T0005,3694.2,-0.0,-0.0,0.0,718.9,-0.0,-0.0,0.0,-0.0,1949.5,2064.1,-1.0,212.1,0.0,601.6
MEM,T0006,3694.2,-0.0,-0.0,0.0,718.4,-0.0,-0.0,0.0,-0.0,1949.5,2064.1,-1.0,212.1,0.0,601.6
MEM,T0007,3694.2,-0.0,-0.0,0.0,719.0,-0.0,-0.0,0.0,-0.0,1949.5,2063.5,-1.0,212.1,0.0,601.6
MEM,T0008,3694.2,-0.0,-0.0,0.0,719.1,-0.0,-0.0,0.0,-0.0,1949.5,2063.6,-1.0,212.1,0.0,601.6
MEM,T0009,3694.2,-0.0,-0.0,0.0,719.2,-0.0,-0.0,0.0,-0.0,1949.5,2063.7,-1.0,212.1,0.0,601.6
MEM,T0010,3694.2,-0.0,-0.0,0.0,719.2,-0.0,-0.0,0.0,-0.0,1949.5,2063.7,-1.0,212.1,0.0,601.6
MEM,T0011,3694.2,-0.0,-0.0,0.0,719.2,-0.0,-0.0,0.0,-0.0,1949.5,2063.7,-1.0,212.1,0.0,601.6
MEM,T0012,3694.2,-0.0,-0.0,0.0,719.1,-0.0,-0.0,0.0,-0.0,1949.5,2063.5,-1.0,212.1,0.0,601.6
MEM,T0013,3694.2,-0.0,-0.0,0.0,719.4,-0.0,-0.0,0.0,-0.0,1949.5,2063.6,-1.0,212.1,0.0,601.6
MEM,T0014,3694.2,-0.0,-0.0,0.0,719.0,-0.0,-0.0,0.0,-0.0,1949.5,2063.6,-1.0,212.1,0.0,601.6
MEM,T0015,3694.2,-0.0,-0.0,0.0,719.0,-0.0,-0.0,0.0,-0.0,1949.5,2063.6,-1.0,212.1,0.0,601.6
MEM,T0016,3694.2,-0.0,-0.0,0.0,718.9,-0.0,-0.0,0.0,-0.0,1949.5,2063.6,-1.0,212.1,0.0,601.6
MEM,T0017,3694.2,-0.0,-0.0,0.0,719.4,-0.0,-0.0,0.0,-0.0,1949.5,2063.6,-1.0,212.1,0.0,601.6
MEM,T0018,3694.2,-0.0,-0.0,0.0,719.1,-0.0,-0.0,0.0,-0.0,1949.6,2063.6,-1.0,212.1,0.0,601.6
MEM,T0019,3694.2,-0.0,-0.0,0.0,719.1,-0.0,-0.0,0.0,-0.0,1949.6,2063.6,-1.0,212.1,0.0,601.6
MEM,T0020,3694.2,-0.0,-0.0,0.0,719.0,-0.0,-0.0,0.0,-0.0,1949.6,2063.7,-1.0,212.1,0.0,601.6
MEM,T0021,3694.2,-0.0,-0.0,0.0,719.1,-0.0,-0.0,0.0,-0.0,1949.6,2063.7,-1.0,212.1,0.0,601.6
MEM,T0022,3694.2,-0.0,-0.0,0.0,719.1,-0.0,-0.0,0.0,-0.0,1949.6,2063.7,-1.0,212.1,0.0,601.6
MEM,T0023,3694.2,-0.0,-0.0,0.0,719.3,-0.0,-0.0,0.0,-0.0,1949.6,2063.7,-1.0,212.1,0.0,601.6
MEM,T0024,3694.2,-0.0,-0.0,0.0,719.1,-0.0,-0.0,0.0,-0.0,1949.6,2063.7,-1.0,212.1,0.0,601.6
MEM,T0025,3694.2,-0.0,-0.0,0.0,718.9,-0.0,-0.0,0.0,-0.0,1949.6,2063.7,-1.0,212.1,0.0,601.6
MEM,T0026,3694.2,-0.0,-0.0,0.0,721.5,-0.0,-0.0,0.0,-0.0,1949.6,2061.6,-1.0,212.1,0.0,601.6
MEM,T0027,3694.2,-0.0,-0.0,0.0,721.5,-0.0,-0.0,0.0,-0.0,1949.6,2061.6,-1.0,212.1,0.0,601.6
MEM,T0028,3694.2,-0.0,-0.0,0.0,722.0,-0.0,-0.0,0.0,-0.0,1949.6,2061.4,-1.0,212.1,0.0,601.6
MEM,T0029,3694.2,-0.0,-0.0,0.0,721.8,-0.0,-0.0,0.0,-0.0,1949.6,2061.6,-1.0,212.1,0.0,601.6
MEM,T0030,3694.2,-0.0,-0.0,0.0,720.7,-0.0,-0.0,0.0,-0.0,1949.6,2062.3,-1.0,212.1,0.0,601.6
MEM,T0031,3694.2,-0.0,-0.0,0.0,720.8,-0.0,-0.0,0.0,-0.0,1949.6,2062.4,-1.0,212.1,0.0,601.6
MEM,T0032,3694.2,-0.0,-0.0,0.0,720.7,-0.0,-0.0,0.0,-0.0,1949.6,2062.4,-1.0,212.1,0.0,601.6
MEM,T0033,3694.2,-0.0,-0.0,0.0,720.7,-0.0,-0.0,0.0,-0.0,1949.7,2062.3,-1.0,212.1,0.0,601.6
MEM,T0034,3694.2,-0.0,-0.0,0.0,721.4,-0.0,-0.0,0.0,-0.0,1949.7,2062.4,-1.0,212.1,0.0,601.6
MEM,T0035,3694.2,-0.0,-0.0,0.0,720.6,-0.0,-0.0,0.0,-0.0,1949.7,2062.5,-1.0,212.1,0.0,601.6
MEM,T0036,3694.2,-0.0,-0.0,0.0,720.5,-0.0,-0.0,0.0,-0.0,1949.7,2062.5,-1.0,212.1,0.0,601.6
MEM,T0037,3694.2,-0.0,-0.0,0.0,720.6,-0.0,-0.0,0.0,-0.0,1949.7,2062.4,-1.0,212.1,0.0,601.6
MEM,T0038,3694.2,-0.0,-0.0,0.0,719.5,-0.0,-0.0,0.0,-0.0,1949.7,2064.0,-1.0,212.1,0.0,601.6
MEM,T0039,3694.2,-0.0,-0.0,0.0,721.1,-0.0,-0.0,0.0,-0.0,1949.7,2062.5,-1.0,212.1,0.0,601.6
MEM,T0040,3694.2,-0.0,-0.0,0.0,721.0,-0.0,-0.0,0.0,-0.0,1949.7,2062.5,-1.0,212.1,0.0,601.6
MEM,T0041,3694.2,-0.0,-0.0,0.0,720.6,-0.0,-0.0,0.0,-0.0,1949.7,2062.5,-1.0,212.1,0.0,601.6
MEM,T0042,3694.2,-0.0,-0.0,0.0,720.6,-0.0,-0.0,0.0,-0.0,1949.7,2062.5,-1.0,212.1,0.0,601.6
MEM,T0043,3694.2,-0.0,-0.0,0.0,720.5,-0.0,-0.0,0.0,-0.0,1949.7,2062.5,-1.0,212.1,0.0,601.6
MEM,T0044,3694.2,-0.0,-0.0,0.0,720.7,-0.0,-0.0,0.0,-0.0,1949.7,2062.5,-1.0,212.1,0.0,601.6
MEM,T0045,3694.2,-0.0,-0.0,0.0,720.7,-0.0,-0.0,0.0,-0.0,1949.8,2062.5,-1.0,212.1,0.0,601.6
MEM,T0046,3694.2,-0.0,-0.0,0.0,720.5,-0.0,-0.0,0.0,-0.0,1949.8,2062.5,-1.0,212.1,0.0,601.6
MEM,T0047,3694.2,-0.0,-0.0,0.0,720.7,-0.0,-0.0,0.0,-0.0,1949.8,2062.5,-1.0,212.1,0.0,601.6
MEM,T0048,3694.2,-0.0,-0.0,0.0,720.4,-0.0,-0.0,0.0,-0.0,1949.8,2062.5,-1.0,212.1,0.0,601.6
MEM,T0049,3694.2,-0.0,-0.0,0.0,720.7,-0.0,-0.0,0.0,-0.0,1949.8,2062.5,-1.0,212.1,0.0,601.6
MEM,T0050,3694.2,-0.0,-0.0,0.0,720.4,-0.0,-0.0,0.0,-0.0,1949.8,2062.5,-1.0,212.1,0.0,601.6
MEM,T0051,3694.2,-0.0,-0.0,0.0,720.3,-0.0,-0.0,0.0,-0.0,1949.8,2062.6,-1.0,212.1,0.0,601.6
MEM,T0052,3694.2,-0.0,-0.0,0.0,720.4,-0.0,-0.0,0.0,-0.0,1949.8,2062.6,-1.0,212.1,0.0,601.6
MEM,T0053,3694.2,-0.0,-0.0,0.0,720.4,-0.0,-0.0,0.0,-0.0,1949.8,2062.6,-1.0,212.1,0.0,601.6
MEM,T0054,3694.2,-0.0,-0.0,0.0,720.4,-0.0,-0.0,0.0,-0.0,1949.8,2062.6,-1.0,212.1,0.0,601.6
MEM,T0055,3694.2,-0.0,-0.0,0.0,721.3,-0.0,-0.0,0.0,-0.0,1949.8,2061.5,-1.0,212.1,0.0,601.6
MEM,T0056,3694.2,-0.0,-0.0,0.0,722.0,-0.0,-0.0,0.0,-0.0,1949.8,2061.5,-1.0,212.1,0.0,601.6
MEM,T0057,3694.2,-0.0,-0.0,0.0,721.9,-0.0,-0.0,0.0,-0.0,1949.8,2061.5,-1.0,212.1,0.0,601.6
MEM,T0058,3694.2,-0.0,-0.0,0.0,721.5,-0.0,-0.0,0.0,-0.0,1949.9,2061.5,-1.0,212.1,0.0,601.6
MEM,T0059,3694.2,-0.0,-0.0,0.0,721.5,-0.0,-0.0,0.0,-0.0,1949.9,2061.6,-1.0,212.1,0.0,601.6
MEM,T0060,3694.2,-0.0,-0.0,0.0,721.4,-0.0,-0.0,0.0,-0.0,1949.9,2061.6,-1.0,212.1,0.0,601.6
MEM,T0061,3694.2,-0.0,-0.0,0.0,721.5,-0.0,-0.0,0.0,-0.0,1949.9,2061.6,-1.0,212.1,0.0,601.6
MEM,T0062,3694.2,-0.0,-0.0,0.0,721.5,-0.0,-0.0,0.0,-0.0,1949.9,2061.6,-1.0,212.1,0.0,601.6
MEM,T0063,3694.2,-0.0,-0.0,0.0,721.4,-0.0,-0.0,0.0,-0.0,1949.9,2061.6,-1.0,212.1,0.0,601.6
MEM,T0064,3694.2,-0.0,-0.0,0.0,721.5,-0.0,-0.0,0.0,-0.0,1949.9,2061.6,-1.0,212.1,0.0,601.6
MEM,T0065,3694.2,-0.0,-0.0,0.0,721.4,-0.0,-0.0,0.0,-0.0,1949.9,2061.6,-1.0,212.1,0.0,601.6
MEM,T0066,3694.2,-0.0,-0.0,0.0,721.5,-0.0,-0.0,0.0,-0.0,1949.9,2061.7,-1.0,212.1,0.0,601.6
MEM,T0067,3694.2,-0.0,-0.0,0.0,721.4,-0.0,-0.0,0.0,-0.0,1949.9,2061.7,-1.0,212.1,0.0,601.6
MEM,T0068,3694.2,-0.0,-0.0,0.0,721.5,-0.0,-0.0,0.0,-0.0,1949.9,2061.7,-1.0,212.1,0.0,601.6
MEM,T0069,3694.2,-0.0,-0.0,0.0,721.4,-0.0,-0.0,0.0,-0.0,1949.9,2061.7,-1.0,212.1,0.0,601.6
MEM,T0070,3694.2,-0.0,-0.0,0.0,721.4,-0.0,-0.0,0.0,-0.0,1949.9,2061.7,-1.0,212.1,0.0,601.6
MEM,T0071,3694.2,-0.0,-0.0,0.0,721.4,-0.0,-0.0,0.0,-0.0,1949.9,2061.7,-1.0,212.1,0.0,601.6
MEM,T0072,3694.2,-0.0,-0.0,0.0,721.4,-0.0,-0.0,0.0,-0.0,1950.0,2061.7,-1.0,212.1,0.0,601.6
MEM,T0073,3694.2,-0.0,-0.0,0.0,721.6,-0.0,-0.0,0.0,-0.0,1950.0,2061.7,-1.0,212.1,0.0,601.6
MEM,T0074,3694.2,-0.0,-0.0,0.0,721.9,-0.0,-0.0,0.0,-0.0,1950.0,2061.8,-1.0,212.1,0.0,601.6
MEM,T0075,3694.2,-0.0,-0.0,0.0,721.5,-0.0,-0.0,0.0,-0.0,1950.0,2061.8,-1.0,212.1,0.0,601.6
MEM,T0076,3694.2,-0.0,-0.0,0.0,721.6,-0.0,-0.0,0.0,-0.0,1950.0,2061.8,-1.0,212.1,0.0,601.6
MEM,T0077,3694.2,-0.0,-0.0,0.0,721.5,-0.0,-0.0,0.0,-0.0,1950.0,2061.8,-1.0,212.1,0.0,601.6
MEM,T0078,3694.2,-0.0,-0.0,0.0,721.4,-0.0,-0.0,0.0,-0.0,1950.0,2061.9,-1.0,212.1,0.0,601.6
MEM,T0079,3694.2,-0.0,-0.0,0.0,721.4,-0.0,-0.0,0.0,-0.0,1950.0,2061.9,-1.0,212.1,0.0,601.6
MEM,T0080,3694.2,-0.0,-0.0,0.0,721.6,-0.0,-0.0,0.0,-0.0,1950.0,2061.9,-1.0,212.1,0.0,601.6
MEM,T0081,3694.2,-0.0,-0.0,0.0,721.4,-0.0,-0.0,0.0,-0.0,1950.0,2061.9,-1.0,212.1,0.0,601.6
MEM,T0082,3694.2,-0.0,-0.0,0.0,721.9,-0.0,-0.0,0.0,-0.0,1950.0,2061.9,-1.0,212.1,0.0,601.6
MEM,T0083,3694.2,-0.0,-0.0,0.0,721.2,-0.0,-0.0,0.0,-0.0,1950.0,2061.9,-1.0,212.1,0.0,601.6
MEM,T0084,3694.2,-0.0,-0.0,0.0,721.0,-0.0,-0.0,0.0,-0.0,1950.0,2062.0,-1.0,212.1,0.0,601.6
MEM,T0085,3694.2,-0.0,-0.0,0.0,721.3,-0.0,-0.0,0.0,-0.0,1950.1,2062.0,-1.0,212.1,0.0,601.6
MEM,T0086,3694.2,-0.0,-0.0,0.0,721.1,-0.0,-0.0,0.0,-0.0,1950.1,2062.1,-1.0,212.1,0.0,601.6
MEM,T0087,3694.2,-0.0,-0.0,0.0,720.1,-0.0,-0.0,0.0,-0.0,1950.1,2063.2,-1.0,212.1,0.0,601.6
MEM,T0088,3694.2,-0.0,-0.0,0.0,718.8,-0.0,-0.0,0.0,-0.0,1950.1,2063.7,-1.0,212.1,0.0,601.6
MEM,T0089,3694.2,-0.0,-0.0,0.0,720.8,-0.0,-0.0,0.0,-0.0,1950.1,2062.1,-1.0,212.1,0.0,601.6
MEM,T0090,3694.2,-0.0,-0.0,0.0,720.2,-0.0,-0.0,0.0,-0.0,1950.1,2063.0,-1.0,212.1,0.0,601.6
MEM,T0091,3694.2,-0.0,-0.0,0.0,720.1,-0.0,-0.0,0.0,-0.0,1950.1,2063.0,-1.0,212.1,0.0,601.6
MEM,T0092,3694.2,-0.0,-0.0,0.0,720.0,-0.0,-0.0,0.0,-0.0,1950.1,2063.0,-1.0,212.1,0.0,601.6
MEM,T0093,3694.2,-0.0,-0.0,0.0,720.1,-0.0,-0.0,0.0,-0.0,1950.1,2063.0,-1.0,212.1,0.0,601.6
MEM,T0094,3694.2,-0.0,-0.0,0.0,720.1,-0.0,-0.0,0.0,-0.0,1950.1,2063.0,-1.0,212.1,0.0,601.6
MEM,T0095,3694.2,-0.0,-0.0,0.0,720.1,-0.0,-0.0,0.0,-0.0,1950.1,2063.0,-1.0,212.1,0.0,601.6
MEM,T0096,3694.2,-0.0,-0.0,0.0,720.1,-0.0,-0.0,0.0,-0.0,1950.1,2063.0,-1.0,212.1,0.0,601.6
MEM,T0097,3694.2,-0.0,-0.0,0.0,720.4,-0.0,-0.0,0.0,-0.0,1950.2,2063.0,-1.0,212.1,0.0,601.6
MEM,T0098,3694.2,-0.0,-0.0,0.0,720.1,-0.0,-0.0,0.0,-0.0,1950.2,2063.0,-1.0,212.1,0.0,601.6
MEM,T0099,3694.2,-0.0,-0.0,0.0,720.3,-0.0,-0.0,0.0,-0.0,1950.2,2063.0,-1.0,212.1,0.0,601.6
MEM,T0100,3694.2,-0.0,-0.0,0.0,720.0,-0.0,-0.0,0.0,-0.0,1950.2,2063.0,-1.0,212.1,0.0,601.6
MEM,T0101,3694.2,-0.0,-0.0,0.0,720.2,-0.0,-0.0,0.0,-0.0,1950.2,2063.1,-1.0,212.1,0.0,601.6
MEM,T0102,3694.2,-0.0,-0.0,0.0,720.0,-0.0,-0.0,0.0,-0.0,1950.2,2063.1,-1.0,212.1,0.0,601.6
MEM,T0103,3694.2,-0.0,-0.0,0.0,720.0,-0.0,-0.0,0.0,-0.0,1950.2,2063.1,-1.0,212.1,0.0,601.6
MEM,T0104,3694.2,-0.0,-0.0,0.0,720.0,-0.0,-0.0,0.0,-0.0,1950.2,2063.1,-1.0,212.1,0.0,601.6
MEM,T0105,3694.2,-0.0,-0.0,0.0,720.0,-0.0,-0.0,0.0,-0.0,1950.2,2063.1,-1.0,212.1,0.0,601.6
MEM,T0106,3694.2,-0.0,-0.0,0.0,720.3,-0.0,-0.0,0.0,-0.0,1950.2,2063.1,-1.0,212.1,0.0,601.6
MEM,T0107,3694.2,-0.0,-0.0,0.0,720.2,-0.0,-0.0,0.0,-0.0,1950.2,2063.1,-1.0,212.1,0.0,601.6
MEM,T0108,3694.2,-0.0,-0.0,0.0,720.0,-0.0,-0.0,0.0,-0.0,1950.2,2063.1,-1.0,212.1,0.0,601.6
MEM,T0109,3694.2,-0.0,-0.0,0.0,720.2,-0.0,-0.0,0.0,-0.0,1950.2,2063.0,-1.0,212.1,0.0,601.6
MEM,T0110,3694.2,-0.0,-0.0,0.0,720.0,-0.0,-0.0,0.0,-0.0,1950.3,2063.0,-1.0,212.1,0.0,601.6
MEM,T0111,3694.2,-0.0,-0.0,0.0,720.2,-0.0,-0.0,0.0,-0.0,1950.3,2063.0,-1.0,212.1,0.0,601.6
MEM,T0112,3694.2,-0.0,-0.0,0.0,720.1,-0.0,-0.0,0.0,-0.0,1950.3,2063.0,-1.0,212.1,0.0,601.6
MEM,T0113,3694.2,-0.0,-0.0,0.0,720.0,-0.0,-0.0,0.0,-0.0,1950.3,2063.0,-1.0,212.1,0.0,601.6
MEM,T0114,3694.2,-0.0,-0.0,0.0,720.0,-0.0,-0.0,0.0,-0.0,1950.3,2063.0,-1.0,212.1,0.0,601.6
MEM,T0115,3694.2,-0.0,-0.0,0.0,720.2,-0.0,-0.0,0.0,-0.0,1950.3,2063.0,-1.0,212.1,0.0,601.6
MEM,T0116,3694.2,-0.0,-0.0,0.0,720.3,-0.0,-0.0,0.0,-0.0,1950.3,2063.0,-1.0,212.1,0.0,601.6
MEM,T0117,3694.2,-0.0,-0.0,0.0,720.1,-0.0,-0.0,0.0,-0.0,1950.3,2063.1,-1.0,212.1,0.0,601.6
MEM,T0118,3694.2,-0.0,-0.0,0.0,720.0,-0.0,-0.0,0.0,-0.0,1950.3,2063.1,-1.0,212.1,0.0,601.6
MEM,T0119,3694.2,-0.0,-0.0,0.0,720.0,-0.0,-0.0,0.0,-0.0,1950.3,2063.1,-1.0,212.1,0.0,601.6
MEM,T0120,3694.2,-0.0,-0.0,0.0,720.0,-0.0,-0.0,0.0,-0.0,1950.3,2063.1,-1.0,212.1,0.0,601.6
MEM,T0121,3694.2,-0.0,-0.0,0.0,720.3,-0.0,-0.0,0.0,-0.0,1950.3,2063.1,-1.0,212.1,0.0,601.6
MEM,T0122,3694.2,-0.0,-0.0,0.0,720.2,-0.0,-0.0,0.0,-0.0,1950.3,2063.1,-1.0,212.1,0.0,601.6
MEM,T0123,3694.2,-0.0,-0.0,0.0,719.9,-0.0,-0.0,0.0,-0.0,1950.3,2063.1,-1.0,212.1,0.0,601.6
MEM,T0124,3694.2,-0.0,-0.0,0.0,719.8,-0.0,-0.0,0.0,-0.0,1950.4,2063.1,-1.0,212.1,0.0,601.6
MEM,T0125,3694.2,-0.0,-0.0,0.0,720.0,-0.0,-0.0,0.0,-0.0,1950.4,2063.0,-1.0,212.1,0.0,601.6
MEM,T0126,3694.2,-0.0,-0.0,0.0,720.0,-0.0,-0.0,0.0,-0.0,1950.4,2063.0,-1.0,212.1,0.0,601.6
MEM,T0127,3694.2,-0.0,-0.0,0.0,721.1,-0.0,-0.0,0.0,-0.0,1950.4,2062.4,-1.0,212.1,0.0,601.6
MEM,T0128,3694.2,-0.0,-0.0,0.0,720.6,-0.0,-0.0,0.0,-0.0,1950.4,2062.4,-1.0,212.1,0.0,601.6
MEM,T0129,3694.2,-0.0,-0.0,0.0,720.7,-0.0,-0.0,0.0,-0.0,1950.4,2062.4,-1.0,212.1,0.0,601.6
MEM,T0130,3694.2,-0.0,-0.0,0.0,719.1,-0.0,-0.0,0.0,-0.0,1950.4,2064.1,-1.0,212.1,0.0,601.6
MEM,T0131,3694.2,-0.0,-0.0,0.0,721.0,-0.0,-0.0,0.0,-0.0,1950.4,2062.4,-1.0,212.1,0.0,601.6
MEM,T0132,3694.2,-0.0,-0.0,0.0,720.8,-0.0,-0.0,0.0,-0.0,1950.4,2062.4,-1.0,212.1,0.0,601.6
MEM,T0133,3694.2,-0.0,-0.0,0.0,720.6,-0.0,-0.0,0.0,-0.0,1950.4,2062.4,-1.0,212.1,0.0,601.6
MEM,T0134,3694.2,-0.0,-0.0,0.0,720.9,-0.0,-0.0,0.0,-0.0,1950.4,2062.4,-1.0,212.1,0.0,601.6
MEM,T0135,3694.2,-0.0,-0.0,0.0,721.5,-0.0,-0.0,0.0,-0.0,1950.4,2062.4,-1.0,212.1,0.0,601.6
MEM,T0136,3694.2,-0.0,-0.0,0.0,720.8,-0.0,-0.0,0.0,-0.0,1950.4,2062.4,-1.0,212.1,0.0,601.6
MEM,T0137,3694.2,-0.0,-0.0,0.0,720.8,-0.0,-0.0,0.0,-0.0,1950.4,2062.4,-1.0,212.1,0.0,601.6
MEM,T0138,3694.2,-0.0,-0.0,0.0,720.8,-0.0,-0.0,0.0,-0.0,1950.5,2062.5,-1.0,212.1,0.0,601.6
MEM,T0139,3694.2,-0.0,-0.0,0.0,721.3,-0.0,-0.0,0.0,-0.0,1950.5,2062.5,-1.0,212.1,0.0,601.6
MEM,T0140,3694.2,-0.0,-0.0,0.0,720.8,-0.0,-0.0,0.0,-0.0,1950.5,2062.5,-1.0,212.1,0.0,601.6
MEM,T0141,3694.2,-0.0,-0.0,0.0,720.9,-0.0,-0.0,0.0,-0.0,1950.5,2062.5,-1.0,212.1,0.0,601.6
MEM,T0142,3694.2,-0.0,-0.0,0.0,721.0,-0.0,-0.0,0.0,-0.0,1950.5,2062.5,-1.0,212.1,0.0,601.6
MEM,T0143,3694.2,-0.0,-0.0,0.0,720.9,-0.0,-0.0,0.0,-0.0,1950.5,2062.5,-1.0,212.1,0.0,601.6
MEM,T0144,3694.2,-0.0,-0.0,0.0,720.6,-0.0,-0.0,0.0,-0.0,1950.5,2062.5,-1.0,212.1,0.0,601.6
MEM,T0145,3694.2,-0.0,-0.0,0.0,720.8,-0.0,-0.0,0.0,-0.0,1950.5,2062.5,-1.0,212.1,0.0,601.6
MEM,T0146,3694.2,-0.0,-0.0,0.0,720.9,-0.0,-0.0,0.0,-0.0,1950.5,2062.5,-1.0,212.1,0.0,601.6
MEM,T0147,3694.2,-0.0,-0.0,0.0,720.8,-0.0,-0.0,0.0,-0.0,1950.5,2062.5,-1.0,212.1,0.0,601.6
MEM,T0148,3694.2,-0.0,-0.0,0.0,720.9,-0.0,-0.0,0.0,-0.0,1950.5,2062.5,-1.0,212.1,0.0,601.6
MEM,T0149,3694.2,-0.0,-0.0,0.0,720.8,-0.0,-0.0,0.0,-0.0,1950.5,2062.6,-1.0,212.1,0.0,601.6
MEM,T0150,3694.2,-0.0,-0.0,0.0,719.7,-0.0,-0.0,0.0,-0.0,1950.5,2063.3,-1.0,212.1,0.0,601.6
MEM,T0151,3694.2,-0.0,-0.0,0.0,720.0,-0.0,-0.0,0.0,-0.0,1950.6,2063.3,-1.0,212.1,0.0,601.6
MEM,T0152,3694.2,-0.0,-0.0,0.0,719.6,-0.0,-0.0,0.0,-0.0,1950.6,2063.3,-1.0,212.1,0.0,601.6
MEM,T0153,3694.2,-0.0,-0.0,0.0,719.6,-0.0,-0.0,0.0,-0.0,1950.6,2063.3,-1.0,212.1,0.0,601.6
MEM,T0154,3694.2,-0.0,-0.0,0.0,719.7,-0.0,-0.0,0.0,-0.0,1950.6,2063.3,-1.0,212.1,0.0,601.6
MEM,T0155,3694.2,-0.0,-0.0,0.0,719.8,-0.0,-0.0,0.0,-0.0,1950.6,2063.3,-1.0,212.1,0.0,601.6
MEM,T0156,3694.2,-0.0,-0.0,0.0,719.7,-0.0,-0.0,0.0,-0.0,1950.6,2063.4,-1.0,212.1,0.0,601.6
MEM,T0157,3694.2,-0.0,-0.0,0.0,720.0,-0.0,-0.0,0.0,-0.0,1950.6,2063.1,-1.0,212.1,0.0,601.6
MEM,T0158,3694.2,-0.0,-0.0,0.0,719.7,-0.0,-0.0,0.0,-0.0,1950.6,2063.2,-1.0,212.1,0.0,601.6
MEM,T0159,3694.2,-0.0,-0.0,0.0,719.8,-0.0,-0.0,0.0,-0.0,1950.6,2063.3,-1.0,212.1,0.0,601.6
MEM,T0160,3694.2,-0.0,-0.0,0.0,719.7,-0.0,-0.0,0.0,-0.0,1950.6,2063.3,-1.0,212.1,0.0,601.6
MEM,T0161,3694.2,-0.0,-0.0,0.0,719.7,-0.0,-0.0,0.0,-0.0,1950.6,2063.3,-1.0,212.1,0.0,601.6
MEM,T0162,3694.2,-0.0,-0.0,0.0,719.7,-0.0,-0.0,0.0,-0.0,1950.6,2063.3,-1.0,212.1,0.0,601.6
MEM,T0163,3694.2,-0.0,-0.0,0.0,719.9,-0.0,-0.0,0.0,-0.0,1950.6,2063.3,-1.0,212.1,0.0,601.6
MEM,T0164,3694.2,-0.0,-0.0,0.0,719.7,-0.0,-0.0,0.0,-0.0,1950.7,2063.3,-1.0,212.1,0.0,601.6
MEM,T0165,3694.2,-0.0,-0.0,0.0,719.8,-0.0,-0.0,0.0,-0.0,1950.7,2063.3,-1.0,212.1,0.0,601.6
MEM,T0166,3694.2,-0.0,-0.0,0.0,709.7,-0.0,-0.0,0.0,-0.0,1950.7,2073.5,-1.0,212.1,0.0,601.6
MEM,T0167,3694.2,-0.0,-0.0,0.0,719.7,-0.0,-0.0,0.0,-0.0,1950.7,2063.3,-1.0,212.1,0.0,601.6
MEM,T0168,3694.2,-0.0,-0.0,0.0,719.9,-0.0,-0.0,0.0,-0.0,1950.7,2063.3,-1.0,212.1,0.0,601.6
MEM,T0169,3694.2,-0.0,-0.0,0.0,719.9,-0.0,-0.0,0.0,-0.0,1950.7,2063.3,-1.0,212.1,0.0,601.6
MEM,T0170,3694.2,-0.0,-0.0,0.0,719.5,-0.0,-0.0,0.0,-0.0,1950.7,2063.3,-1.0,212.1,0.0,601.6
MEM,T0171,3694.2,-0.0,-0.0,0.0,719.7,-0.0,-0.0,0.0,-0.0,1950.7,2063.3,-1.0,212.1,0.0,601.6
MEM,T0172,3694.2,-0.0,-0.0,0.0,719.8,-0.0,-0.0,0.0,-0.0,1950.7,2063.4,-1.0,212.1,0.0,601.6
MEM,T0173,3694.2,-0.0,-0.0,0.0,719.7,-0.0,-0.0,0.0,-0.0,1950.7,2063.4,-1.0,212.1,0.0,601.6
MEM,T0174,3694.2,-0.0,-0.0,0.0,719.5,-0.0,-0.0,0.0,-0.0,1950.7,2063.4,-1.0,212.1,0.0,601.6
MEM,T0175,3694.2,-0.0,-0.0,0.0,720.3,-0.0,-0.0,0.0,-0.0,1950.7,2062.7,-1.0,212.1,0.0,601.6
MEM,T0176,3694.2,-0.0,-0.0,0.0,720.3,-0.0,-0.0,0.0,-0.0,1950.7,2062.7,-1.0,212.1,0.0,601.6
MEM,T0177,3694.2,-0.0,-0.0,0.0,720.7,-0.0,-0.0,0.0,-0.0,1950.7,2062.7,-1.0,212.1,0.0,601.6
MEM,T0178,3694.2,-0.0,-0.0,0.0,720.3,-0.0,-0.0,0.0,-0.0,1950.8,2062.7,-1.0,212.1,0.0,601.6
MEM,T0179,3694.2,-0.0,-0.0,0.0,720.4,-0.0,-0.0,0.0,-0.0,1950.8,2062.8,-1.0,212.1,0.0,601.6
MEM,T0180,3694.2,-0.0,-0.0,0.0,720.4,-0.0,-0.0,0.0,-0.0,1950.8,2062.7,-1.0,212.1,0.0,601.6
MEM,T0181,3694.2,-0.0,-0.0,0.0,720.4,-0.0,-0.0,0.0,-0.0,1950.8,2062.8,-1.0,212.1,0.0,601.6
MEM,T0182,3694.2,-0.0,-0.0,0.0,720.6,-0.0,-0.0,0.0,-0.0,1950.8,2062.7,-1.0,212.1,0.0,601.6
MEM,T0183,3694.2,-0.0,-0.0,0.0,720.6,-0.0,-0.0,0.0,-0.0,1950.8,2062.7,-1.0,212.1,0.0,601.6
MEM,T0184,3694.2,-0.0,-0.0,0.0,720.4,-0.0,-0.0,0.0,-0.0,1950.8,2062.7,-1.0,212.1,0.0,601.6
MEM,T0185,3694.2,-0.0,-0.0,0.0,720.3,-0.0,-0.0,0.0,-0.0,1950.8,2062.8,-1.0,212.1,0.0,601.6
MEM,T0186,3694.2,-0.0,-0.0,0.0,712.3,-0.0,-0.0,0.0,-0.0,1950.9,2069.6,-1.0,212.1,0.0,601.6
MEM,T0187,3694.2,-0.0,-0.0,0.0,711.7,-0.0,-0.0,0.0,-0.0,1950.9,2069.6,-1.0,212.1,0.0,601.6
MEM,T0188,3694.2,-0.0,-0.0,0.0,705.6,-0.0,-0.0,0.0,-0.0,1950.9,2076.0,-1.0,212.1,0.0,601.6
MEM,T0189,3694.2,-0.0,-0.0,0.0,705.5,-0.0,-0.0,0.0,-0.0,1950.9,2076.1,-1.0,212.1,0.0,601.6
MEM,T0190,3694.2,-0.0,-0.0,0.0,705.4,-0.0,-0.0,0.0,-0.0,1950.9,2078.5,-1.0,212.1,0.0,599.2
MEM,T0191,3694.2,-0.0,-0.0,0.0,705.4,-0.0,-0.0,0.0,-0.0,1950.9,2078.5,-1.0,212.1,0.0,599.1
MEM,T0192,3694.2,-0.0,-0.0,0.0,705.2,-0.0,-0.0,0.0,-0.0,1951.0,2078.5,-1.0,212.1,0.0,599.1
MEM,T0193,3694.2,-0.0,-0.0,0.0,705.4,-0.0,-0.0,0.0,-0.0,1951.0,2078.6,-1.0,212.1,0.0,599.2
MEM,T0194,3694.2,-0.0,-0.0,0.0,705.5,-0.0,-0.0,0.0,-0.0,1951.0,2078.6,-1.0,212.1,0.0,599.2
MEM,T0195,3694.2,-0.0,-0.0,0.0,705.2,-0.0,-0.0,0.0,-0.0,1951.0,2078.7,-1.0,212.1,0.0,599.2
MEM,T0196,3694.2,-0.0,-0.0,0.0,705.2,-0.0,-0.0,0.0,-0.0,1951.0,2078.7,-1.0,212.1,0.0,599.2
MEM,T0197,3694.2,-0.0,-0.0,0.0,705.1,-0.0,-0.0,0.0,-0.0,1951.0,2078.7,-1.0,212.1,0.0,599.2
MEM,T0198,3694.2,-0.0,-0.0,0.0,705.2,-0.0,-0.0,0.0,-0.0,1951.0,2078.7,-1.0,212.1,0.0,599.2
MEM,T0199,3694.2,-0.0,-0.0,0.0,705.4,-0.0,-0.0,0.0,-0.0,1951.0,2078.7,-1.0,212.1,0.0,599.2
MEM,T0200,3694.2,-0.0,-0.0,0.0,705.1,-0.0,-0.0,0.0,-0.0,1951.0,2078.8,-1.0,212.1,0.0,599.2
MEM,T0201,3694.2,-0.0,-0.0,0.0,705.4,-0.0,-0.0,0.0,-0.0,1951.0,2078.7,-1.0,212.1,0.0,599.2
MEM,T0202,3694.2,-0.0,-0.0,0.0,705.1,-0.0,-0.0,0.0,-0.0,1951.0,2078.8,-1.0,212.1,0.0,599.2
MEM,T0203,3694.2,-0.0,-0.0,0.0,705.4,-0.0,-0.0,0.0,-0.0,1951.0,2078.8,-1.0,212.1,0.0,599.2
MEM,T0204,3694.2,-0.0,-0.0,0.0,705.0,-0.0,-0.0,0.0,-0.0,1951.1,2078.8,-1.0,212.1,0.0,599.1
MEM,T0205,3694.2,-0.0,-0.0,0.0,704.9,-0.0,-0.0,0.0,-0.0,1951.1,2078.9,-1.0,212.1,0.0,599.2
MEM,T0206,3694.2,-0.0,-0.0,0.0,704.8,-0.0,-0.0,0.0,-0.0,1951.1,2079.0,-1.0,212.1,0.0,599.2
MEM,T0207,3694.2,-0.0,-0.0,0.0,704.9,-0.0,-0.0,0.0,-0.0,1951.1,2079.0,-1.0,212.1,0.0,599.2
MEM,T0208,3694.2,-0.0,-0.0,0.0,705.0,-0.0,-0.0,0.0,-0.0,1951.1,2079.0,-1.0,212.1,0.0,599.2
MEM,T0209,3694.2,-0.0,-0.0,0.0,705.0,-0.0,-0.0,0.0,-0.0,1951.1,2079.0,-1.0,212.1,0.0,599.2
MEM,T0210,3694.2,-0.0,-0.0,0.0,704.1,-0.0,-0.0,0.0,-0.0,1951.1,2079.9,-1.0,212.1,0.0,599.2
MEM,T0211,3694.2,-0.0,-0.0,0.0,704.4,-0.0,-0.0,0.0,-0.0,1951.1,2079.9,-1.0,212.1,0.0,599.2
MEM,T0212,3694.2,-0.0,-0.0,0.0,710.1,-0.0,-0.0,0.0,-0.0,1951.1,2073.7,-1.0,212.1,0.0,599.2
MEM,T0213,3694.2,-0.0,-0.0,0.0,713.3,-0.0,-0.0,0.0,-0.0,1951.1,2071.0,-1.0,212.1,0.0,599.1
MEM,T0214,3694.2,-0.0,-0.0,0.0,713.4,-0.0,-0.0,0.0,-0.0,1951.1,2071.0,-1.0,212.1,0.0,599.1
MEM,T0215,3694.2,-0.0,-0.0,0.0,713.4,-0.0,-0.0,0.0,-0.0,1951.1,2071.0,-1.0,212.1,0.0,599.1
MEM,T0216,3694.2,-0.0,-0.0,0.0,713.4,-0.0,-0.0,0.0,-0.0,1951.1,2071.1,-1.0,212.1,0.0,599.1
MEM,T0217,3694.2,-0.0,-0.0,0.0,713.4,-0.0,-0.0,0.0,-0.0,1951.1,2071.1,-1.0,212.1,0.0,599.1
MEM,T0218,3694.2,-0.0,-0.0,0.0,713.3,-0.0,-0.0,0.0,-0.0,1951.2,2071.2,-1.0,212.1,0.0,599.2
MEM,T0219,3694.2,-0.0,-0.0,0.0,713.4,-0.0,-0.0,0.0,-0.0,1951.2,2071.2,-1.0,212.1,0.0,599.1
MEM,T0220,3694.2,-0.0,-0.0,0.0,713.3,-0.0,-0.0,0.0,-0.0,1951.2,2071.2,-1.0,212.1,0.0,599.1
MEM,T0221,3694.2,-0.0,-0.0,0.0,713.8,-0.0,-0.0,0.0,-0.0,1951.2,2071.2,-1.0,212.1,0.0,599.1
MEM,T0222,3694.2,-0.0,-0.0,0.0,713.4,-0.0,-0.0,0.0,-0.0,1951.2,2071.2,-1.0,212.1,0.0,599.2
MEM,T0223,3694.2,-0.0,-0.0,0.0,712.8,-0.0,-0.0,0.0,-0.0,1951.2,2071.2,-1.0,212.1,0.0,599.1
MEM,T0224,3694.2,-0.0,-0.0,0.0,712.6,-0.0,-0.0,0.0,-0.0,1951.2,2071.2,-1.0,212.1,0.0,599.1
MEM,T0225,3694.2,-0.0,-0.0,0.0,712.9,-0.0,-0.0,0.0,-0.0,1951.2,2071.2,-1.0,212.1,0.0,599.1
MEM,T0226,3694.2,-0.0,-0.0,0.0,712.8,-0.0,-0.0,0.0,-0.0,1951.2,2071.2,-1.0,212.1,0.0,599.2
MEM,T0227,3694.2,-0.0,-0.0,0.0,712.8,-0.0,-0.0,0.0,-0.0,1951.2,2071.2,-1.0,212.1,0.0,599.1
MEM,T0228,3694.2,-0.0,-0.0,0.0,712.8,-0.0,-0.0,0.0,-0.0,1951.2,2071.2,-1.0,212.1,0.0,599.1
MEM,T0229,3694.2,-0.0,-0.0,0.0,712.8,-0.0,-0.0,0.0,-0.0,1951.2,2071.2,-1.0,212.1,0.0,599.1
MEM,T0230,3694.2,-0.0,-0.0,0.0,713.3,-0.0,-0.0,0.0,-0.0,1951.2,2070.9,-1.0,212.1,0.0,599.2
MEM,T0231,3694.2,-0.0,-0.0,0.0,713.4,-0.0,-0.0,0.0,-0.0,1951.2,2070.9,-1.0,212.1,0.0,599.1
MEM,T0232,3694.2,-0.0,-0.0,0.0,713.2,-0.0,-0.0,0.0,-0.0,1951.3,2070.9,-1.0,212.1,0.0,599.1
MEM,T0233,3694.2,-0.0,-0.0,0.0,712.9,-0.0,-0.0,0.0,-0.0,1951.3,2071.1,-1.0,212.1,0.0,599.1
MEM,T0234,3694.2,-0.0,-0.0,0.0,713.2,-0.0,-0.0,0.0,-0.0,1951.3,2071.1,-1.0,212.1,0.0,599.1
MEM,T0235,3694.2,-0.0,-0.0,0.0,713.1,-0.0,-0.0,0.0,-0.0,1951.3,2071.1,-1.0,212.1,0.0,599.1
MEM,T0236,3694.2,-0.0,-0.0,0.0,713.5,-0.0,-0.0,0.0,-0.0,1951.3,2070.9,-1.0,212.1,0.0,599.1
MEM,T0237,3694.2,-0.0,-0.0,0.0,713.2,-0.0,-0.0,0.0,-0.0,1951.3,2070.9,-1.0,212.1,0.0,599.1
MEM,T0238,3694.2,-0.0,-0.0,0.0,713.4,-0.0,-0.0,0.0,-0.0,1951.3,2070.9,-1.0,212.1,0.0,599.1
MEM,T0239,3694.2,-0.0,-0.0,0.0,713.3,-0.0,-0.0,0.0,-0.0,1951.3,2070.9,-1.0,212.1,0.0,599.1
MEM,T0240,3694.2,-0.0,-0.0,0.0,713.3,-0.0,-0.0,0.0,-0.0,1951.3,2070.9,-1.0,212.1,0.0,599.1
MEM,T0241,3694.2,-0.0,-0.0,0.0,713.4,-0.0,-0.0,0.0,-0.0,1951.3,2070.9,-1.0,212.1,0.0,599.1
MEM,T0242,3694.2,-0.0,-0.0,0.0,713.2,-0.0,-0.0,0.0,-0.0,1951.3,2071.1,-1.0,212.1,0.0,599.1
MEM,T0243,3694.2,-0.0,-0.0,0.0,713.1,-0.0,-0.0,0.0,-0.0,1951.3,2071.1,-1.0,212.1,0.0,599.1
MEM,T0244,3694.2,-0.0,-0.0,0.0,712.9,-0.0,-0.0,0.0,-0.0,1951.4,2071.1,-1.0,212.1,0.0,599.1
MEM,T0245,3694.2,-0.0,-0.0,0.0,712.8,-0.0,-0.0,0.0,-0.0,1951.4,2071.1,-1.0,212.1,0.0,599.1
MEM,T0246,3694.2,-0.0,-0.0,0.0,713.2,-0.0,-0.0,0.0,-0.0,1951.4,2071.0,-1.0,212.1,0.0,599.1
MEM,T0247,3694.2,-0.0,-0.0,0.0,713.1,-0.0,-0.0,0.0,-0.0,1951.4,2071.0,-1.0,212.1,0.0,599.1
MEM,T0248,3694.2,-0.0,-0.0,0.0,713.0,-0.0,-0.0,0.0,-0.0,1951.4,2071.0,-1.0,212.1,0.0,599.1
MEM,T0249,3694.2,-0.0,-0.0,0.0,713.1,-0.0,-0.0,0.0,-0.0,1951.4,2071.0,-1.0,212.1,0.0,599.1
MEM,T0250,3694.2,-0.0,-0.0,0.0,713.1,-0.0,-0.0,0.0,-0.0,1951.4,2071.1,-1.0,212.1,0.0,599.1
MEM,T0251,3694.2,-0.0,-0.0,0.0,713.1,-0.0,-0.0,0.0,-0.0,1951.4,2071.1,-1.0,212.1,0.0,599.1
MEM,T0252,3694.2,-0.0,-0.0,0.0,712.9,-0.0,-0.0,0.0,-0.0,1951.4,2071.1,-1.0,212.1,0.0,599.1
MEM,T0253,3694.2,-0.0,-0.0,0.0,712.9,-0.0,-0.0,0.0,-0.0,1951.4,2071.1,-1.0,212.1,0.0,599.1
MEM,T0254,3694.2,-0.0,-0.0,0.0,713.3,-0.0,-0.0,0.0,-0.0,1951.4,2070.8,-1.0,212.1,0.0,599.1
MEM,T0255,3694.2,-0.0,-0.0,0.0,713.2,-0.0,-0.0,0.0,-0.0,1951.4,2070.9,-1.0,212.1,0.0,599.1
MEM,T0256,3694.2,-0.0,-0.0,0.0,713.4,-0.0,-0.0,0.0,-0.0,1951.4,2070.9,-1.0,212.1,0.0,599.1
MEM,T0257,3694.2,-0.0,-0.0,0.0,713.2,-0.0,-0.0,0.0,-0.0,1951.4,2070.9,-1.0,212.1,0.0,599.1
MEM,T0258,3694.2,-0.0,-0.0,0.0,713.3,-0.0,-0.0,0.0,-0.0,1951.4,2070.9,-1.0,212.1,0.0,599.1
MEM,T0259,3694.2,-0.0,-0.0,0.0,713.3,-0.0,-0.0,0.0,-0.0,1951.5,2070.9,-1.0,212.1,0.0,599.1
MEM,T0260,3694.2,-0.0,-0.0,0.0,713.3,-0.0,-0.0,0.0,-0.0,1951.5,2070.9,-1.0,212.1,0.0,599.1
MEM,T0261,3694.2,-0.0,-0.0,0.0,713.3,-0.0,-0.0,0.0,-0.0,1951.5,2070.9,-1.0,212.1,0.0,599.1
MEM,T0262,3694.2,-0.0,-0.0,0.0,713.3,-0.0,-0.0,0.0,-0.0,1951.5,2070.9,-1.0,212.1,0.0,599.1
MEM,T0263,3694.2,-0.0,-0.0,0.0,713.2,-0.0,-0.0,0.0,-0.0,1951.5,2070.9,-1.0,212.1,0.0,599.1
MEM,T0264,3694.2,-0.0,-0.0,0.0,713.4,-0.0,-0.0,0.0,-0.0,1951.5,2071.0,-1.0,212.1,0.0,599.1
MEM,T0265,3694.2,-0.0,-0.0,0.0,713.2,-0.0,-0.0,0.0,-0.0,1951.5,2071.0,-1.0,212.1,0.0,599.1
MEM,T0266,3694.2,-0.0,-0.0,0.0,713.3,-0.0,-0.0,0.0,-0.0,1951.5,2071.0,-1.0,212.1,0.0,599.1
MEM,T0267,3694.2,-0.0,-0.0,0.0,713.0,-0.0,-0.0,0.0,-0.0,1951.5,2071.0,-1.0,212.1,0.0,599.1
MEM,T0268,3694.2,-0.0,-0.0,0.0,713.0,-0.0,-0.0,0.0,-0.0,1951.5,2071.0,-1.0,212.1,0.0,599.1
MEM,T0269,3694.2,-0.0,-0.0,0.0,712.9,-0.0,-0.0,0.0,-0.0,1951.5,2071.0,-1.0,212.1,0.0,599.1
MEM,T0270,3694.2,-0.0,-0.0,0.0,712.9,-0.0,-0.0,0.0,-0.0,1951.5,2071.1,-1.0,212.1,0.0,599.1
MEM,T0271,3694.2,-0.0,-0.0,0.0,711.8,-0.0,-0.0,0.0,-0.0,1951.5,2072.8,-1.0,212.1,0.0,599.1
MEM,T0272,3694.2,-0.0,-0.0,0.0,711.2,-0.0,-0.0,0.0,-0.0,1951.6,2072.8,-1.0,212.1,0.0,599.1
MEM,T0273,3694.2,-0.0,-0.0,0.0,711.3,-0.0,-0.0,0.0,-0.0,1951.6,2072.8,-1.0,212.1,0.0,599.1
MEM,T0274,3694.2,-0.0,-0.0,0.0,711.2,-0.0,-0.0,0.0,-0.0,1951.6,2072.8,-1.0,212.1,0.0,599.1
MEM,T0275,3694.2,-0.0,-0.0,0.0,711.2,-0.0,-0.0,0.0,-0.0,1951.6,2072.8,-1.0,212.1,0.0,599.1
MEM,T0276,3694.2,-0.0,-0.0,0.0,711.3,-0.0,-0.0,0.0,-0.0,1951.6,2072.8,-1.0,212.1,0.0,599.2
MEM,T0277,3694.2,-0.0,-0.0,0.0,711.0,-0.0,-0.0,0.0,-0.0,1951.6,2072.8,-1.0,212.1,0.0,599.1
MEM,T0278,3694.2,-0.0,-0.0,0.0,711.3,-0.0,-0.0,0.0,-0.0,1951.6,2072.8,-1.0,212.1,0.0,599.1
MEM,T0279,3694.2,-0.0,-0.0,0.0,711.4,-0.0,-0.0,0.0,-0.0,1951.6,2072.6,-1.0,212.1,0.0,599.1
MEM,T0280,3694.2,-0.0,-0.0,0.0,711.4,-0.0,-0.0,0.0,-0.0,1951.6,2072.6,-1.0,212.1,0.0,599.2
MEM,T0281,3694.2,-0.0,-0.0,0.0,711.5,-0.0,-0.0,0.0,-0.0,1951.6,2072.7,-1.0,212.1,0.0,599.1
MEM,T0282,3694.2,-0.0,-0.0,0.0,711.4,-0.0,-0.0,0.0,-0.0,1951.6,2072.7,-1.0,212.1,0.0,599.1
MEM,T0283,3694.2,-0.0,-0.0,0.0,711.5,-0.0,-0.0,0.0,-0.0,1951.6,2072.7,-1.0,212.1,0.0,599.1
MEM,T0284,3694.2,-0.0,-0.0,0.0,711.1,-0.0,-0.0,0.0,-0.0,1951.6,2072.7,-1.0,212.1,0.0,599.2
MEM,T0285,3694.2,-0.0,-0.0,0.0,711.4,-0.0,-0.0,0.0,-0.0,1951.7,2072.7,-1.0,212.1,0.0,599.1
MEM,T0286,3694.2,-0.0,-0.0,0.0,711.5,-0.0,-0.0,0.0,-0.0,1951.7,2072.7,-1.0,212.1,0.0,599.1
MEM,T0287,3694.2,-0.0,-0.0,0.0,711.4,-0.0,-0.0,0.0,-0.0,1951.7,2072.7,-1.0,212.1,0.0,599.1
MEM,T0288,3694.2,-0.0,-0.0,0.0,711.3,-0.0,-0.0,0.0,-0.0,1951.7,2072.7,-1.0,212.1,0.0,599.1
MEM,T0289,3694.2,-0.0,-0.0,0.0,711.5,-0.0,-0.0,0.0,-0.0,1951.7,2072.7,-1.0,212.1,0.0,599.1
MEM,T0290,3694.2,-0.0,-0.0,0.0,711.5,-0.0,-0.0,0.0,-0.0,1951.7,2072.7,-1.0,212.1,0.0,599.1
MEM,T0291,3694.2,-0.0,-0.0,0.0,711.5,-0.0,-0.0,0.0,-0.0,1951.7,2072.8,-1.0,212.1,0.0,599.1
MEM,T0292,3694.2,-0.0,-0.0,0.0,711.5,-0.0,-0.0,0.0,-0.0,1951.7,2072.8,-1.0,212.1,0.0,599.1
MEM,T0293,3694.2,-0.0,-0.0,0.0,711.6,-0.0,-0.0,0.0,-0.0,1951.7,2072.8,-1.0,212.1,0.0,599.1
MEM,T0294,3694.2,-0.0,-0.0,0.0,711.3,-0.0,-0.0,0.0,-0.0,1951.7,2072.8,-1.0,212.1,0.0,599.1
MEM,T0295,3694.2,-0.0,-0.0,0.0,713.1,-0.0,-0.0,0.0,-0.0,1951.7,2070.7,-1.0,212.1,0.0,599.1
MEM,T0296,3694.2,-0.0,-0.0,0.0,713.3,-0.0,-0.0,0.0,-0.0,1951.7,2070.7,-1.0,212.1,0.0,599.1
MEM,T0297,3694.2,-0.0,-0.0,0.0,713.3,-0.0,-0.0,0.0,-0.0,1951.7,2070.7,-1.0,212.1,0.0,599.2
MEM,T0298,3694.2,-0.0,-0.0,0.0,713.3,-0.0,-0.0,0.0,-0.0,1951.8,2070.7,-1.0,212.1,0.0,599.1
MEM,T0299,3694.2,-0.0,-0.0,0.0,713.4,-0.0,-0.0,0.0,-0.0,1951.8,2070.7,-1.0,212.1,0.0,599.1
MEM,T0300,3694.2,-0.0,-0.0,0.0,713.3,-0.0,-0.0,0.0,-0.0,1951.8,2070.7,-1.0,212.1,0.0,599.1
MEM,T0301,3694.2,-0.0,-0.0,0.0,713.4,-0.0,-0.0,0.0,-0.0,1951.8,2070.7,-1.0,212.1,0.0,599.1
MEM,T0302,3694.2,-0.0,-0.0,0.0,713.5,-0.0,-0.0,0.0,-0.0,1951.8,2070.7,-1.0,212.1,0.0,599.1
MEM,T0303,3694.2,-0.0,-0.0,0.0,713.3,-0.0,-0.0,0.0,-0.0,1951.8,2070.8,-1.0,212.1,0.0,599.1
MEM,T0304,3694.2,-0.0,-0.0,0.0,713.2,-0.0,-0.0,0.0,-0.0,1951.8,2070.8,-1.0,212.1,0.0,599.1
MEM,T0305,3694.2,-0.0,-0.0,0.0,713.3,-0.0,-0.0,0.0,-0.0,1951.8,2070.8,-1.0,212.1,0.0,599.1
MEM,T0306,3694.2,-0.0,-0.0,0.0,713.2,-0.0,-0.0,0.0,-0.0,1951.8,2070.8,-1.0,212.1,0.0,599.2
MEM,T0307,3694.2,-0.0,-0.0,0.0,713.3,-0.0,-0.0,0.0,-0.0,1951.8,2070.9,-1.0,212.1,0.0,599.1
MEM,T0308,3694.2,-0.0,-0.0,0.0,713.2,-0.0,-0.0,0.0,-0.0,1951.8,2070.9,-1.0,212.1,0.0,599.1
MEM,T0309,3694.2,-0.0,-0.0,0.0,713.3,-0.0,-0.0,0.0,-0.0,1951.8,2070.9,-1.0,212.1,0.0,599.2
MEM,T0310,3694.2,-0.0,-0.0,0.0,713.2,-0.0,-0.0,0.0,-0.0,1951.8,2070.9,-1.0,212.1,0.0,599.1
MEM,T0311,3694.2,-0.0,-0.0,0.0,713.1,-0.0,-0.0,0.0,-0.0,1951.8,2070.9,-1.0,212.1,0.0,599.1
MEM,T0312,3694.2,-0.0,-0.0,0.0,713.2,-0.0,-0.0,0.0,-0.0,1951.9,2070.9,-1.0,212.1,0.0,599.1
MEM,T0313,3694.2,-0.0,-0.0,0.0,713.4,-0.0,-0.0,0.0,-0.0,1951.9,2070.9,-1.0,212.1,0.0,599.1
MEM,T0314,3694.2,-0.0,-0.0,0.0,712.9,-0.0,-0.0,0.0,-0.0,1951.9,2070.9,-1.0,212.1,0.0,599.2
MEM,T0315,3694.2,-0.0,-0.0,0.0,712.9,-0.0,-0.0,0.0,-0.0,1951.9,2071.1,-1.0,212.1,0.0,599.1
MEM,T0316,3694.2,-0.0,-0.0,0.0,712.7,-0.0,-0.0,0.0,-0.0,1951.9,2071.1,-1.0,212.1,0.0,599.1
MEM,T0317,3694.2,-0.0,-0.0,0.0,712.8,-0.0,-0.0,0.0,-0.0,1951.9,2071.1,-1.0,212.1,0.0,599.1
MEM,T0318,3694.2,-0.0,-0.0,0.0,712.9,-0.0,-0.0,0.0,-0.0,1951.9,2071.1,-1.0,212.1,0.0,599.1
MEM,T0319,3694.2,-0.0,-0.0,0.0,712.7,-0.0,-0.0,0.0,-0.0,1951.9,2071.2,-1.0,212.1,0.0,599.1
MEM,T0320,3694.2,-0.0,-0.0,0.0,712.7,-0.0,-0.0,0.0,-0.0,1951.9,2071.2,-1.0,212.1,0.0,599.1
MEM,T0321,3694.2,-0.0,-0.0,0.0,712.7,-0.0,-0.0,0.0,-0.0,1951.9,2071.2,-1.0,212.1,0.0,599.1
MEM,T0322,3694.2,-0.0,-0.0,0.0,713.0,-0.0,-0.0,0.0,-0.0,1951.9,2071.2,-1.0,212.1,0.0,599.1
MEM,T0323,3694.2,-0.0,-0.0,0.0,712.6,-0.0,-0.0,0.0,-0.0,1951.9,2071.2,-1.0,212.1,0.0,599.1
MEM,T0324,3694.2,-0.0,-0.0,0.0,711.4,-0.0,-0.0,0.0,-0.0,1951.9,2072.8,-1.0,212.1,0.0,599.1
MEM,T0325,3694.2,-0.0,-0.0,0.0,713.2,-0.0,-0.0,0.0,-0.0,1951.9,2071.2,-1.0,212.1,0.0,599.1
MEM,T0326,3694.2,-0.0,-0.0,0.0,712.9,-0.0,-0.0,0.0,-0.0,1952.0,2071.2,-1.0,212.1,0.0,599.1
MEM,T0327,3694.2,-0.0,-0.0,0.0,712.6,-0.0,-0.0,0.0,-0.0,1952.0,2071.3,-1.0,212.1,0.0,599.1
MEM,T0328,3694.2,-0.0,-0.0,0.0,712.6,-0.0,-0.0,0.0,-0.0,1952.0,2071.4,-1.0,212.1,0.0,599.1
MEM,T0329,3694.2,-0.0,-0.0,0.0,712.6,-0.0,-0.0,0.0,-0.0,1952.0,2071.4,-1.0,212.1,0.0,599.1
MEM,T0330,3694.2,-0.0,-0.0,0.0,712.8,-0.0,-0.0,0.0,-0.0,1952.0,2071.4,-1.0,212.1,0.0,599.1
MEM,T0331,3694.2,-0.0,-0.0,0.0,712.4,-0.0,-0.0,0.0,-0.0,1952.0,2071.4,-1.0,212.1,0.0,599.1
MEM,T0332,3694.2,-0.0,-0.0,0.0,711.7,-0.0,-0.0,0.0,-0.0,1952.0,2072.3,-1.0,212.1,0.0,599.1
MEM,T0333,3694.2,-0.0,-0.0,0.0,711.8,-0.0,-0.0,0.0,-0.0,1952.0,2072.3,-1.0,212.1,0.0,599.1
MEM,T0334,3694.2,-0.0,-0.0,0.0,711.5,-0.0,-0.0,0.0,-0.0,1952.0,2072.3,-1.0,212.1,0.0,599.1
MEM,T0335,3694.2,-0.0,-0.0,0.0,711.4,-0.0,-0.0,0.0,-0.0,1952.0,2072.3,-1.0,212.1,0.0,599.1
MEM,T0336,3694.2,-0.0,-0.0,0.0,711.5,-0.0,-0.0,0.0,-0.0,1952.0,2072.3,-1.0,212.1,0.0,599.1
MEM,T0337,3694.2,-0.0,-0.0,0.0,711.6,-0.0,-0.0,0.0,-0.0,1952.0,2072.3,-1.0,212.1,0.0,599.1
MEM,T0338,3694.2,-0.0,-0.0,0.0,711.5,-0.0,-0.0,0.0,-0.0,1952.1,2072.3,-1.0,212.1,0.0,599.1
MEM,T0339,3694.2,-0.0,-0.0,0.0,711.7,-0.0,-0.0,0.0,-0.0,1952.1,2072.3,-1.0,212.1,0.0,599.1
MEM,T0340,3694.2,-0.0,-0.0,0.0,711.6,-0.0,-0.0,0.0,-0.0,1952.1,2072.3,-1.0,212.1,0.0,599.1
MEM,T0341,3694.2,-0.0,-0.0,0.0,711.8,-0.0,-0.0,0.0,-0.0,1952.1,2072.3,-1.0,212.1,0.0,599.1
MEM,T0342,3694.2,-0.0,-0.0,0.0,711.7,-0.0,-0.0,0.0,-0.0,1952.1,2072.4,-1.0,212.1,0.0,599.1
MEM,T0343,3694.2,-0.0,-0.0,0.0,711.7,-0.0,-0.0,0.0,-0.0,1952.1,2072.4,-1.0,212.1,0.0,599.1
MEM,T0344,3694.2,-0.0,-0.0,0.0,711.5,-0.0,-0.0,0.0,-0.0,1952.1,2072.4,-1.0,212.1,0.0,599.1
MEM,T0345,3694.2,-0.0,-0.0,0.0,711.3,-0.0,-0.0,0.0,-0.0,1952.1,2072.4,-1.0,212.1,0.0,599.1
MEM,T0346,3694.2,-0.0,-0.0,0.0,711.5,-0.0,-0.0,0.0,-0.0,1952.1,2072.4,-1.0,212.1,0.0,599.1
MEM,T0347,3694.2,-0.0,-0.0,0.0,711.3,-0.0,-0.0,0.0,-0.0,1952.1,2072.4,-1.0,212.1,0.0,599.1
MEM,T0348,3694.2,-0.0,-0.0,0.0,711.4,-0.0,-0.0,0.0,-0.0,1952.1,2072.4,-1.0,212.1,0.0,599.1
MEM,T0349,3694.2,-0.0,-0.0,0.0,711.7,-0.0,-0.0,0.0,-0.0,1952.1,2072.4,-1.0,212.1,0.0,599.1
MEM,T0350,3694.2,-0.0,-0.0,0.0,711.4,-0.0,-0.0,0.0,-0.0,1952.1,2072.4,-1.0,212.1,0.0,599.1
MEM,T0351,3694.2,-0.0,-0.0,0.0,711.6,-0.0,-0.0,0.0,-0.0,1952.2,2072.3,-1.0,212.1,0.0,599.1
MEM,T0352,3694.2,-0.0,-0.0,0.0,711.6,-0.0,-0.0,0.0,-0.0,1952.2,2072.3,-1.0,212.1,0.0,599.1
MEM,T0353,3694.2,-0.0,-0.0,0.0,711.6,-0.0,-0.0,0.0,-0.0,1952.2,2072.3,-1.0,212.1,0.0,599.1
MEM,T0354,3694.2,-0.0,-0.0,0.0,711.6,-0.0,-0.0,0.0,-0.0,1952.2,2072.4,-1.0,212.1,0.0,599.1
MEM,T0355,3694.2,-0.0,-0.0,0.0,711.6,-0.0,-0.0,0.0,-0.0,1952.2,2072.4,-1.0,212.1,0.0,599.1
MEM,T0356,3694.2,-0.0,-0.0,0.0,711.2,-0.0,-0.0,0.0,-0.0,1952.2,2072.4,-1.0,212.1,0.0,599.1
MEM,T0357,3694.2,-0.0,-0.0,0.0,711.4,-0.0,-0.0,0.0,-0.0,1952.2,2072.4,-1.0,212.1,0.0,599.1
MEM,T0358,3694.2,-0.0,-0.0,0.0,711.4,-0.0,-0.0,0.0,-0.0,1952.2,2072.4,-1.0,212.1,0.0,599.1
MEM,T0359,3694.2,-0.0,-0.0,0.0,710.7,-0.0,-0.0,0.0,-0.0,1952.2,2072.8,-1.0,212.1,0.0,599.1
MEM,T0360,3694.2,-0.0,-0.0,0.0,711.1,-0.0,-0.0,0.0,-0.0,1952.2,2072.6,-1.0,212.1,0.0,599.1
MEM,T0361,3694.2,-0.0,-0.0,0.0,710.9,-0.0,-0.0,0.0,-0.0,1952.2,2072.7,-1.0,212.1,0.0,599.1
MEM,T0362,3694.2,-0.0,-0.0,0.0,711.3,-0.0,-0.0,0.0,-0.0,1952.2,2072.7,-1.0,212.1,0.0,599.1
MEM,T0363,3694.2,-0.0,-0.0,0.0,711.0,-0.0,-0.0,0.0,-0.0,1952.2,2072.8,-1.0,212.1,0.0,599.1
MEM,T0364,3694.2,-0.0,-0.0,0.0,711.1,-0.0,-0.0,0.0,-0.0,1952.2,2072.7,-1.0,212.1,0.0,599.1
MEM,T0365,3694.2,-0.0,-0.0,0.0,711.3,-0.0,-0.0,0.0,-0.0,1952.2,2072.8,-1.0,212.1,0.0,599.1
MEM,T0366,3694.2,-0.0,-0.0,0.0,711.0,-0.0,-0.0,0.0,-0.0,1952.3,2072.7,-1.0,212.1,0.0,599.1
MEM,T0367,3694.2,-0.0,-0.0,0.0,711.4,-0.0,-0.0,0.0,-0.0,1952.3,2072.2,-1.0,212.1,0.0,599.1
MEM,T0368,3694.2,-0.0,-0.0,0.0,712.0,-0.0,-0.0,0.0,-0.0,1952.3,2072.2,-1.0,212.1,0.0,599.1
MEM,T0369,3694.2,-0.0,-0.0,0.0,711.9,-0.0,-0.0,0.0,-0.0,1952.3,2072.3,-1.0,212.1,0.0,599.1
MEM,T0370,3694.2,-0.0,-0.0,0.0,711.6,-0.0,-0.0,0.0,-0.0,1952.3,2072.2,-1.0,212.1,0.0,599.1
MEM,T0371,3694.2,-0.0,-0.0,0.0,711.8,-0.0,-0.0,0.0,-0.0,1952.3,2072.3,-1.0,212.1,0.0,599.1
MEM,T0372,3694.2,-0.0,-0.0,0.0,711.7,-0.0,-0.0,0.0,-0.0,1952.3,2072.2,-1.0,212.1,0.0,599.1
MEM,T0373,3694.2,-0.0,-0.0,0.0,712.0,-0.0,-0.0,0.0,-0.0,1952.3,2072.2,-1.0,212.1,0.0,599.1
MEM,T0374,3694.2,-0.0,-0.0,0.0,711.5,-0.0,-0.0,0.0,-0.0,1952.3,2072.2,-1.0,212.1,0.0,599.1
MEM,T0375,3694.2,-0.0,-0.0,0.0,711.9,-0.0,-0.0,0.0,-0.0,1952.3,2072.0,-1.0,212.1,0.0,599.1
MEM,T0376,3694.2,-0.0,-0.0,0.0,711.9,-0.0,-0.0,0.0,-0.0,1952.3,2072.1,-1.0,212.1,0.0,599.1
MEM,T0377,3694.2,-0.0,-0.0,0.0,711.7,-0.0,-0.0,0.0,-0.0,1952.3,2072.1,-1.0,212.1,0.0,599.1
MEM,T0378,3694.2,-0.0,-0.0,0.0,711.7,-0.0,-0.0,0.0,-0.0,1952.4,2072.1,-1.0,212.1,0.0,599.1
MEM,T0379,3694.2,-0.0,-0.0,0.0,711.7,-0.0,-0.0,0.0,-0.0,1952.4,2072.1,-1.0,212.1,0.0,599.1
MEM,T0380,3694.2,-0.0,-0.0,0.0,711.7,-0.0,-0.0,0.0,-0.0,1952.4,2072.2,-1.0,212.1,0.0,599.1
MEM,T0381,3694.2,-0.0,-0.0,0.0,711.6,-0.0,-0.0,0.0,-0.0,1952.4,2072.2,-1.0,212.1,0.0,599.1
MEM,T0382,3694.2,-0.0,-0.0,0.0,711.7,-0.0,-0.0,0.0,-0.0,1952.4,2072.2,-1.0,212.1,0.0,599.1
MEM,T0383,3694.2,-0.0,-0.0,0.0,711.7,-0.0,-0.0,0.0,-0.0,1952.4,2072.2,-1.0,212.1,0.0,599.1
MEM,T0384,3694.2,-0.0,-0.0,0.0,711.7,-0.0,-0.0,0.0,-0.0,1952.4,2072.2,-1.0,212.1,0.0,599.1
MEM,T0385,3694.2,-0.0,-0.0,0.0,711.7,-0.0,-0.0,0.0,-0.0,1952.4,2072.2,-1.0,212.1,0.0,599.1
MEM,T0386,3694.2,-0.0,-0.0,0.0,711.7,-0.0,-0.0,0.0,-0.0,1952.4,2072.2,-1.0,212.1,0.0,599.1
MEM,T0387,3694.2,-0.0,-0.0,0.0,711.7,-0.0,-0.0,0.0,-0.0,1952.4,2072.2,-1.0,212.1,0.0,599.1
MEM,T0388,3694.2,-0.0,-0.0,0.0,711.8,-0.0,-0.0,0.0,-0.0,1952.4,2072.3,-1.0,212.1,0.0,599.1
MEM,T0389,3694.2,-0.0,-0.0,0.0,712.0,-0.0,-0.0,0.0,-0.0,1952.4,2072.3,-1.0,212.1,0.0,599.1
MEM,T0390,3694.2,-0.0,-0.0,0.0,711.8,-0.0,-0.0,0.0,-0.0,1952.4,2072.3,-1.0,212.1,0.0,599.1
MEM,T0391,3694.2,-0.0,-0.0,0.0,712.4,-0.0,-0.0,0.0,-0.0,1952.4,2071.9,-1.0,212.1,0.0,599.1
MEM,T0392,3694.2,-0.0,-0.0,0.0,712.2,-0.0,-0.0,0.0,-0.0,1952.5,2071.8,-1.0,212.1,0.0,599.1
MEM,T0393,3694.2,-0.0,-0.0,0.0,711.6,-0.0,-0.0,0.0,-0.0,1952.5,2072.6,-1.0,212.1,0.0,599.2
MEM,T0394,3694.2,-0.0,-0.0,0.0,711.6,-0.0,-0.0,0.0,-0.0,1952.5,2072.6,-1.0,212.1,0.0,599.1
MEM,T0395,3694.2,-0.0,-0.0,0.0,711.6,-0.0,-0.0,0.0,-0.0,1952.5,2072.6,-1.0,212.1,0.0,599.1
MEM,T0396,3694.2,-0.0,-0.0,0.0,711.8,-0.0,-0.0,0.0,-0.0,1952.5,2072.6,-1.0,212.1,0.0,599.1
MEM,T0397,3694.2,-0.0,-0.0,0.0,711.8,-0.0,-0.0,0.0,-0.0,1952.5,2072.6,-1.0,212.1,0.0,599.1
MEM,T0398,3694.2,-0.0,-0.0,0.0,711.5,-0.0,-0.0,0.0,-0.0,1952.5,2072.6,-1.0,212.1,0.0,599.1
MEM,T0399,3694.2,-0.0,-0.0,0.0,711.6,-0.0,-0.0,0.0,-0.0,1952.5,2072.6,-1.0,212.1,0.0,599.1
MEM,T0400,3694.2,-0.0,-0.0,0.0,711.0,-0.0,-0.0,0.0,-0.0,1952.5,2072.6,-1.0,212.1,0.0,599.1
MEM,T0401,3694.2,-0.0,-0.0,0.0,711.0,-0.0,-0.0,0.0,-0.0,1952.5,2072.6,-1.0,212.1,0.0,599.1
MEM,T0402,3694.2,-0.0,-0.0,0.0,711.0,-0.0,-0.0,0.0,-0.0,1952.5,2072.7,-1.0,212.1,0.0,599.1
MEM,T0403,3694.2,-0.0,-0.0,0.0,711.0,-0.0,-0.0,0.0,-0.0,1952.5,2072.7,-1.0,212.1,0.0,599.1
MEM,T0404,3694.2,-0.0,-0.0,0.0,711.0,-0.0,-0.0,0.0,-0.0,1952.5,2072.7,-1.0,212.1,0.0,599.1
MEM,T0405,3694.2,-0.0,-0.0,0.0,711.1,-0.0,-0.0,0.0,-0.0,1952.6,2072.7,-1.0,212.1,0.0,599.1
MEM,T0406,3694.2,-0.0,-0.0,0.0,711.1,-0.0,-0.0,0.0,-0.0,1952.6,2072.7,-1.0,212.1,0.0,599.1
MEM,T0407,3694.2,-0.0,-0.0,0.0,711.1,-0.0,-0.0,0.0,-0.0,1952.6,2072.7,-1.0,212.1,0.0,599.1
MEM,T0408,3694.2,-0.0,-0.0,0.0,711.2,-0.0,-0.0,0.0,-0.0,1952.6,2072.7,-1.0,212.1,0.0,599.1
MEM,T0409,3694.2,-0.0,-0.0,0.0,711.1,-0.0,-0.0,0.0,-0.0,1952.6,2072.7,-1.0,212.1,0.0,599.1
MEM,T0410,3694.2,-0.0,-0.0,0.0,711.1,-0.0,-0.0,0.0,-0.0,1952.6,2072.7,-1.0,212.1,0.0,599.1
MEM,T0411,3694.2,-0.0,-0.0,0.0,711.1,-0.0,-0.0,0.0,-0.0,1952.6,2072.7,-1.0,212.1,0.0,599.1
MEM,T0412,3694.2,-0.0,-0.0,0.0,711.1,-0.0,-0.0,0.0,-0.0,1952.6,2072.7,-1.0,212.1,0.0,599.1
MEM,T0413,3694.2,-0.0,-0.0,0.0,710.9,-0.0,-0.0,0.0,-0.0,1952.6,2072.8,-1.0,212.1,0.0,599.1
MEM,T0414,3694.2,-0.0,-0.0,0.0,711.0,-0.0,-0.0,0.0,-0.0,1952.6,2072.8,-1.0,212.1,0.0,599.1
MEM,T0415,3694.2,-0.0,-0.0,0.0,710.9,-0.0,-0.0,0.0,-0.0,1952.6,2072.8,-1.0,212.1,0.0,599.2
MEM,T0416,3694.2,-0.0,-0.0,0.0,710.7,-0.0,-0.0,0.0,-0.0,1952.6,2072.9,-1.0,212.1,0.0,599.1
MEM,T0417,3694.2,-0.0,-0.0,0.0,711.1,-0.0,-0.0,0.0,-0.0,1952.6,2072.9,-1.0,212.1,0.0,599.1
MEM,T0418,3694.2,-0.0,-0.0,0.0,711.2,-0.0,-0.0,0.0,-0.0,1952.7,2072.9,-1.0,212.1,0.0,599.1
MEM,T0419,3694.2,-0.0,-0.0,0.0,711.0,-0.0,-0.0,0.0,-0.0,1952.7,2072.9,-1.0,212.1,0.0,599.1
MEM,T0420,3694.2,-0.0,-0.0,0.0,711.0,-0.0,-0.0,0.0,-0.0,1952.7,2072.9,-1.0,212.1,0.0,599.1
MEM,T0421,3694.2,-0.0,-0.0,0.0,711.0,-0.0,-0.0,0.0,-0.0,1952.7,2072.9,-1.0,212.1,0.0,599.1
MEM,T0422,3694.2,-0.0,-0.0,0.0,710.9,-0.0,-0.0,0.0,-0.0,1952.7,2073.0,-1.0,212.1,0.0,599.1
MEM,T0423,3694.2,-0.0,-0.0,0.0,711.0,-0.0,-0.0,0.0,-0.0,1952.7,2073.0,-1.0,212.1,0.0,599.1
MEM,T0424,3694.2,-0.0,-0.0,0.0,711.4,-0.0,-0.0,0.0,-0.0,1952.7,2072.8,-1.0,212.1,0.0,599.1
MEM,T0425,3694.2,-0.0,-0.0,0.0,711.5,-0.0,-0.0,0.0,-0.0,1952.7,2072.8,-1.0,212.1,0.0,599.1
MEM,T0426,3694.2,-0.0,-0.0,0.0,711.0,-0.0,-0.0,0.0,-0.0,1952.7,2072.8,-1.0,212.1,0.0,599.1
MEM,T0427,3694.2,-0.0,-0.0,0.0,711.0,-0.0,-0.0,0.0,-0.0,1952.7,2072.8,-1.0,212.1,0.0,599.1
MEM,T0428,3694.2,-0.0,-0.0,0.0,711.0,-0.0,-0.0,0.0,-0.0,1952.7,2072.9,-1.0,212.1,0.0,599.1
MEM,T0429,3694.2,-0.0,-0.0,0.0,711.1,-0.0,-0.0,0.0,-0.0,1952.7,2072.9,-1.0,212.1,0.0,599.1
MEM,T0430,3694.2,-0.0,-0.0,0.0,711.1,-0.0,-0.0,0.0,-0.0,1952.7,2072.9,-1.0,212.1,0.0,599.1
MEM,T0431,3694.2,-0.0,-0.0,0.0,711.2,-0.0,-0.0,0.0,-0.0,1952.8,2072.9,-1.0,212.1,0.0,599.1
MEM,T0432,3694.2,-0.0,-0.0,0.0,711.1,-0.0,-0.0,0.0,-0.0,1952.8,2072.9,-1.0,212.1,0.0,599.1
MEM,T0433,3694.2,-0.0,-0.0,0.0,711.4,-0.0,-0.0,0.0,-0.0,1952.8,2072.9,-1.0,212.1,0.0,599.1
MEM,T0434,3694.2,-0.0,-0.0,0.0,711.1,-0.0,-0.0,0.0,-0.0,1952.8,2072.9,-1.0,212.1,0.0,599.1
MEM,T0435,3694.2,-0.0,-0.0,0.0,711.2,-0.0,-0.0,0.0,-0.0,1952.8,2072.9,-1.0,212.1,0.0,599.1
MEM,T0436,3694.2,-0.0,-0.0,0.0,711.1,-0.0,-0.0,0.0,-0.0,1952.8,2072.9,-1.0,212.1,0.0,599.1
MEM,T0437,3694.2,-0.0,-0.0,0.0,711.4,-0.0,-0.0,0.0,-0.0,1952.8,2073.1,-1.0,212.1,0.0,599.1
MEM,T0438,3694.2,-0.0,-0.0,0.0,710.9,-0.0,-0.0,0.0,-0.0,1952.8,2073.1,-1.0,212.1,0.0,599.1
MEM,T0439,3694.2,-0.0,-0.0,0.0,712.0,-0.0,-0.0,0.0,-0.0,1952.8,2072.3,-1.0,212.1,0.0,599.1
MEM,T0440,3694.2,-0.0,-0.0,0.0,712.0,-0.0,-0.0,0.0,-0.0,1952.8,2072.3,-1.0,212.1,0.0,599.1
MEM,T0441,3694.2,-0.0,-0.0,0.0,711.9,-0.0,-0.0,0.0,-0.0,1952.8,2072.3,-1.0,212.1,0.0,599.1
MEM,T0442,3694.2,-0.0,-0.0,0.0,711.7,-0.0,-0.0,0.0,-0.0,1952.8,2072.3,-1.0,212.1,0.0,599.1
MEM,T0443,3694.2,-0.0,-0.0,0.0,711.9,-0.0,-0.0,0.0,-0.0,1952.8,2072.3,-1.0,212.1,0.0,599.1
MEM,T0444,3694.2,-0.0,-0.0,0.0,711.6,-0.0,-0.0,0.0,-0.0,1952.8,2072.3,-1.0,212.1,0.0,599.1
MEM,T0445,3694.2,-0.0,-0.0,0.0,711.6,-0.0,-0.0,0.0,-0.0,1952.9,2072.3,-1.0,212.1,0.0,599.1
MEM,T0446,3694.2,-0.0,-0.0,0.0,711.6,-0.0,-0.0,0.0,-0.0,1952.9,2072.3,-1.0,212.1,0.0,599.1
MEM,T0447,3694.2,-0.0,-0.0,0.0,711.8,-0.0,-0.0,0.0,-0.0,1952.9,2072.3,-1.0,212.1,0.0,599.1
MEM,T0448,3694.2,-0.0,-0.0,0.0,711.6,-0.0,-0.0,0.0,-0.0,1952.9,2072.4,-1.0,212.1,0.0,599.1
MEM,T0449,3694.2,-0.0,-0.0,0.0,711.4,-0.0,-0.0,0.0,-0.0,1952.9,2072.5,-1.0,212.1,0.0,599.1
MEM,T0450,3694.2,-0.0,-0.0,0.0,711.2,-0.0,-0.0,0.0,-0.0,1952.9,2072.5,-1.0,212.1,0.0,599.1
MEM,T0451,3694.2,-0.0,-0.0,0.0,711.0,-0.0,-0.0,0.0,-0.0,1952.9,2072.5,-1.0,212.1,0.0,599.1
MEM,T0452,3694.2,-0.0,-0.0,0.0,711.0,-0.0,-0.0,0.0,-0.0,1952.9,2072.5,-1.0,212.1,0.0,599.1
MEM,T0453,3694.2,-0.0,-0.0,0.0,708.0,-0.0,-0.0,0.0,-0.0,1952.9,2074.9,-1.0,212.1,0.0,599.1
MEM,T0454,3694.2,-0.0,-0.0,0.0,710.7,-0.0,-0.0,0.0,-0.0,1952.9,2073.2,-1.0,212.1,0.0,599.1
MEM,T0455,3694.2,-0.0,-0.0,0.0,710.7,-0.0,-0.0,0.0,-0.0,1952.9,2073.2,-1.0,212.1,0.0,599.1
MEM,T0456,3694.2,-0.0,-0.0,0.0,710.6,-0.0,-0.0,0.0,-0.0,1953.0,2073.2,-1.0,212.1,0.0,599.1
MEM,T0457,3694.2,-0.0,-0.0,0.0,710.8,-0.0,-0.0,0.0,-0.0,1953.0,2073.2,-1.0,212.1,0.0,599.1
MEM,T0458,3694.2,-0.0,-0.0,0.0,710.6,-0.0,-0.0,0.0,-0.0,1953.0,2073.2,-1.0,212.1,0.0,599.1
MEM,T0459,3694.2,-0.0,-0.0,0.0,710.9,-0.0,-0.0,0.0,-0.0,1953.0,2073.2,-1.0,212.1,0.0,599.1
MEM,T0460,3694.2,-0.0,-0.0,0.0,710.6,-0.0,-0.0,0.0,-0.0,1953.0,2073.2,-1.0,212.1,0.0,599.1
MEM,T0461,3694.2,-0.0,-0.0,0.0,710.7,-0.0,-0.0,0.0,-0.0,1953.0,2073.2,-1.0,212.1,0.0,599.1
MEM,T0462,3694.2,-0.0,-0.0,0.0,710.6,-0.0,-0.0,0.0,-0.0,1953.0,2073.2,-1.0,212.1,0.0,599.1
MEM,T0463,3694.2,-0.0,-0.0,0.0,710.5,-0.0,-0.0,0.0,-0.0,1953.0,2073.2,-1.0,212.1,0.0,599.1
MEM,T0464,3694.2,-0.0,-0.0,0.0,710.6,-0.0,-0.0,0.0,-0.0,1953.0,2073.1,-1.0,212.1,0.0,599.1
MEM,T0465,3694.2,-0.0,-0.0,0.0,710.8,-0.0,-0.0,0.0,-0.0,1953.0,2073.1,-1.0,212.1,0.0,599.1
MEM,T0466,3694.2,-0.0,-0.0,0.0,711.1,-0.0,-0.0,0.0,-0.0,1953.0,2073.2,-1.0,212.1,0.0,599.1
MEM,T0467,3694.2,-0.0,-0.0,0.0,710.9,-0.0,-0.0,0.0,-0.0,1953.0,2073.2,-1.0,212.1,0.0,599.1
MEM,T0468,3694.2,-0.0,-0.0,0.0,710.8,-0.0,-0.0,0.0,-0.0,1953.0,2073.2,-1.0,212.1,0.0,599.1
MEM,T0469,3694.2,-0.0,-0.0,0.0,710.7,-0.0,-0.0,0.0,-0.0,1953.0,2073.2,-1.0,212.1,0.0,599.1
MEM,T0470,3694.2,-0.0,-0.0,0.0,710.8,-0.0,-0.0,0.0,-0.0,1953.1,2073.2,-1.0,212.1,0.0,599.1
MEM,T0471,3694.2,-0.0,-0.0,0.0,710.8,-0.0,-0.0,0.0,-0.0,1953.1,2073.2,-1.0,212.1,0.0,599.1
MEM,T0472,3694.2,-0.0,-0.0,0.0,711.1,-0.0,-0.0,0.0,-0.0,1953.1,2073.1,-1.0,212.1,0.0,599.1
MEM,T0473,3694.2,-0.0,-0.0,0.0,711.3,-0.0,-0.0,0.0,-0.0,1953.1,2073.1,-1.0,212.1,0.0,599.1
MEM,T0474,3694.2,-0.0,-0.0,0.0,710.9,-0.0,-0.0,0.0,-0.0,1953.1,2073.1,-1.0,212.1,0.0,599.1
MEM,T0475,3694.2,-0.0,-0.0,0.0,711.0,-0.0,-0.0,0.0,-0.0,1953.1,2073.1,-1.0,212.1,0.0,599.1
MEM,T0476,3694.2,-0.0,-0.0,0.0,711.1,-0.0,-0.0,0.0,-0.0,1953.1,2073.1,-1.0,212.1,0.0,599.1
MEM,T0477,3694.2,-0.0,-0.0,0.0,711.1,-0.0,-0.0,0.0,-0.0,1953.1,2073.1,-1.0,212.1,0.0,599.1
MEM,T0478,3694.2,-0.0,-0.0,0.0,711.1,-0.0,-0.0,0.0,-0.0,1953.1,2073.1,-1.0,212.1,0.0,599.1
MEM,T0479,3694.2,-0.0,-0.0,0.0,710.9,-0.0,-0.0,0.0,-0.0,1953.1,2073.1,-1.0,212.1,0.0,599.1
MEM,T0480,3694.2,-0.0,-0.0,0.0,711.0,-0.0,-0.0,0.0,-0.0,1953.1,2073.1,-1.0,212.1,0.0,599.1
MEM,T0481,3694.2,-0.0,-0.0,0.0,710.8,-0.0,-0.0,0.0,-0.0,1953.1,2073.1,-1.0,212.1,0.0,599.1
MEM,T0482,3694.2,-0.0,-0.0,0.0,711.0,-0.0,-0.0,0.0,-0.0,1953.1,2073.1,-1.0,212.1,0.0,599.1
MEM,T0483,3694.2,-0.0,-0.0,0.0,711.0,-0.0,-0.0,0.0,-0.0,1953.1,2073.2,-1.0,212.1,0.0,599.1
MEM,T0484,3694.2,-0.0,-0.0,0.0,711.1,-0.0,-0.0,0.0,-0.0,1953.2,2073.2,-1.0,212.1,0.0,599.1
MEM,T0485,3694.2,-0.0,-0.0,0.0,711.1,-0.0,-0.0,0.0,-0.0,1953.2,2073.2,-1.0,212.1,0.0,599.1
MEM,T0486,3694.2,-0.0,-0.0,0.0,711.1,-0.0,-0.0,0.0,-0.0,1953.2,2073.2,-1.0,212.1,0.0,599.1
MEM,T0487,3694.2,-0.0,-0.0,0.0,712.0,-0.0,-0.0,0.0,-0.0,1953.2,2072.5,-1.0,212.1,0.0,599.1
MEM,T0488,3694.2,-0.0,-0.0,0.0,712.4,-0.0,-0.0,0.0,-0.0,1953.2,2072.5,-1.0,212.1,0.0,599.1
MEM,T0489,3694.2,-0.0,-0.0,0.0,712.1,-0.0,-0.0,0.0,-0.0,1953.2,2072.5,-1.0,212.1,0.0,599.1
MEM,T0490,3694.2,-0.0,-0.0,0.0,711.4,-0.0,-0.0,0.0,-0.0,1953.2,2072.6,-1.0,212.1,0.0,599.1
MEM,T0491,3694.2,-0.0,-0.0,0.0,711.5,-0.0,-0.0,0.0,-0.0,1953.2,2072.6,-1.0,212.1,0.0,599.1
MEM,T0492,3694.2,-0.0,-0.0,0.0,711.4,-0.0,-0.0,0.0,-0.0,1953.2,2072.6,-1.0,212.1,0.0,599.1
MEM,T0493,3694.2,-0.0,-0.0,0.0,711.4,-0.0,-0.0,0.0,-0.0,1953.2,2072.6,-1.0,212.1,0.0,599.1
MEM,T0494,3694.2,-0.0,-0.0,0.0,711.2,-0.0,-0.0,0.0,-0.0,1953.2,2072.6,-1.0,212.1,0.0,599.1
MEM,T0495,3694.2,-0.0,-0.0,0.0,711.5,-0.0,-0.0,0.0,-0.0,1953.2,2072.6,-1.0,212.1,0.0,599.1
MEM,T0496,3694.2,-0.0,-0.0,0.0,711.2,-0.0,-0.0,0.0,-0.0,1953.2,2072.5,-1.0,212.1,0.0,599.1
MEM,T0497,3694.2,-0.0,-0.0,0.0,711.1,-0.0,-0.0,0.0,-0.0,1953.2,2072.6,-1.0,212.1,0.0,599.1
MEM,T0498,3694.2,-0.0,-0.0,0.0,711.1,-0.0,-0.0,0.0,-0.0,1953.3,2072.6,-1.0,212.1,0.0,599.1
MEM,T0499,3694.2,-0.0,-0.0,0.0,711.4,-0.0,-0.0,0.0,-0.0,1953.3,2072.6,-1.0,212.1,0.0,599.1
MEM,T0500,3694.2,-0.0,-0.0,0.0,711.1,-0.0,-0.0,0.0,-0.0,1953.3,2072.6,-1.0,212.1,0.0,599.1
MEM,T0501,3694.2,-0.0,-0.0,0.0,711.2,-0.0,-0.0,0.0,-0.0,1953.3,2072.6,-1.0,212.1,0.0,599.1
MEM,T0502,3694.2,-0.0,-0.0,0.0,711.2,-0.0,-0.0,0.0,-0.0,1953.3,2072.6,-1.0,212.1,0.0,599.1
MEM,T0503,3694.2,-0.0,-0.0,0.0,711.1,-0.0,-0.0,0.0,-0.0,1953.3,2072.6,-1.0,212.1,0.0,599.1
MEM,T0504,3694.2,-0.0,-0.0,0.0,711.2,-0.0,-0.0,0.0,-0.0,1953.3,2072.6,-1.0,212.1,0.0,599.1
MEM,T0505,3694.2,-0.0,-0.0,0.0,711.4,-0.0,-0.0,0.0,-0.0,1953.3,2072.6,-1.0,212.1,0.0,599.1
MEM,T0506,3694.2,-0.0,-0.0,0.0,711.2,-0.0,-0.0,0.0,-0.0,1953.3,2072.6,-1.0,212.1,0.0,599.1
MEM,T0507,3694.2,-0.0,-0.0,0.0,711.4,-0.0,-0.0,0.0,-0.0,1953.3,2072.6,-1.0,212.1,0.0,599.1
MEM,T0508,3694.2,-0.0,-0.0,0.0,711.4,-0.0,-0.0,0.0,-0.0,1953.3,2072.6,-1.0,212.1,0.0,599.1
MEM,T0509,3694.2,-0.0,-0.0,0.0,711.1,-0.0,-0.0,0.0,-0.0,1953.3,2072.7,-1.0,212.1,0.0,599.1
MEM,T0510,3694.2,-0.0,-0.0,0.0,711.0,-0.0,-0.0,0.0,-0.0,1953.4,2072.7,-1.0,212.1,0.0,599.1
MEM,T0511,3694.2,-0.0,-0.0,0.0,710.9,-0.0,-0.0,0.0,-0.0,1953.4,2072.7,-1.0,212.1,0.0,599.1
MEM,T0512,3694.2,-0.0,-0.0,0.0,711.3,-0.0,-0.0,0.0,-0.0,1953.4,2072.7,-1.0,212.1,0.0,599.1
MEM,T0513,3694.2,-0.0,-0.0,0.0,711.5,-0.0,-0.0,0.0,-0.0,1953.4,2072.7,-1.0,212.1,0.0,599.1
MEM,T0514,3694.2,-0.0,-0.0,0.0,711.1,-0.0,-0.0,0.0,-0.0,1953.4,2072.7,-1.0,212.1,0.0,599.1
MEM,T0515,3694.2,-0.0,-0.0,0.0,710.5,-0.0,-0.0,0.0,-0.0,1953.4,2073.4,-1.0,212.1,0.0,599.1
MEM,T0516,3694.2,-0.0,-0.0,0.0,710.6,-0.0,-0.0,0.0,-0.0,1953.4,2073.4,-1.0,212.1,0.0,599.1
MEM,T0517,3694.2,-0.0,-0.0,0.0,710.6,-0.0,-0.0,0.0,-0.0,1953.4,2073.4,-1.0,212.1,0.0,599.1
MEM,T0518,3694.2,-0.0,-0.0,0.0,710.3,-0.0,-0.0,0.0,-0.0,1953.4,2073.5,-1.0,212.1,0.0,599.1
MEM,T0519,3694.2,-0.0,-0.0,0.0,710.6,-0.0,-0.0,0.0,-0.0,1953.4,2073.5,-1.0,212.1,0.0,599.1
MEM,T0520,3694.2,-0.0,-0.0,0.0,710.6,-0.0,-0.0,0.0,-0.0,1953.4,2073.4,-1.0,212.1,0.0,599.1
MEM,T0521,3694.2,-0.0,-0.0,0.0,710.5,-0.0,-0.0,0.0,-0.0,1953.4,2073.4,-1.0,212.1,0.0,599.1
MEM,T0522,3694.2,-0.0,-0.0,0.0,710.3,-0.0,-0.0,0.0,-0.0,1953.4,2073.4,-1.0,212.1,0.0,599.1
MEM,T0523,3694.2,-0.0,-0.0,0.0,710.5,-0.0,-0.0,0.0,-0.0,1953.4,2073.5,-1.0,212.1,0.0,599.1
MEM,T0524,3694.2,-0.0,-0.0,0.0,710.9,-0.0,-0.0,0.0,-0.0,1953.5,2073.5,-1.0,212.1,0.0,599.1
MEM,T0525,3694.2,-0.0,-0.0,0.0,710.5,-0.0,-0.0,0.0,-0.0,1953.5,2073.5,-1.0,212.1,0.0,599.1
MEM,T0526,3694.2,-0.0,-0.0,0.0,710.3,-0.0,-0.0,0.0,-0.0,1953.5,2073.5,-1.0,212.1,0.0,599.1
MEM,T0527,3694.2,-0.0,-0.0,0.0,710.5,-0.0,-0.0,0.0,-0.0,1953.5,2073.5,-1.0,212.1,0.0,599.1
MEM,T0528,3694.2,-0.0,-0.0,0.0,710.5,-0.0,-0.0,0.0,-0.0,1953.5,2073.5,-1.0,212.1,0.0,599.1
MEM,T0529,3694.2,-0.0,-0.0,0.0,710.5,-0.0,-0.0,0.0,-0.0,1953.5,2073.5,-1.0,212.1,0.0,599.1
MEM,T0530,3694.2,-0.0,-0.0,0.0,710.8,-0.0,-0.0,0.0,-0.0,1953.5,2073.5,-1.0,212.1,0.0,599.1
MEM,T0531,3694.2,-0.0,-0.0,0.0,710.3,-0.0,-0.0,0.0,-0.0,1953.5,2073.7,-1.0,212.1,0.0,599.1
MEM,T0532,3694.2,-0.0,-0.0,0.0,710.5,-0.0,-0.0,0.0,-0.0,1953.5,2073.5,-1.0,212.1,0.0,599.1
MEM,T0533,3694.2,-0.0,-0.0,0.0,710.4,-0.0,-0.0,0.0,-0.0,1953.5,2073.6,-1.0,212.1,0.0,599.1
MEM,T0534,3694.2,-0.0,-0.0,0.0,710.6,-0.0,-0.0,0.0,-0.0,1953.5,2073.6,-1.0,212.1,0.0,599.2
MEM,T0535,3694.2,-0.0,-0.0,0.0,710.8,-0.0,-0.0,0.0,-0.0,1953.5,2073.7,-1.0,212.1,0.0,599.1
MEM,T0536,3694.2,-0.0,-0.0,0.0,710.2,-0.0,-0.0,0.0,-0.0,1953.5,2073.6,-1.0,212.1,0.0,599.1
MEM,T0537,3694.2,-0.0,-0.0,0.0,710.1,-0.0,-0.0,0.0,-0.0,1953.6,2073.7,-1.0,212.1,0.0,599.2
MEM,T0538,3694.2,-0.0,-0.0,0.0,710.2,-0.0,-0.0,0.0,-0.0,1953.6,2073.6,-1.0,212.1,0.0,599.1
MEM,T0539,3694.2,-0.0,-0.0,0.0,709.9,-0.0,-0.0,0.0,-0.0,1953.6,2073.8,-1.0,212.1,0.0,599.1
MEM,T0540,3694.2,-0.0,-0.0,0.0,710.2,-0.0,-0.0,0.0,-0.0,1953.6,2073.7,-1.0,212.1,0.0,599.1
MEM,T0541,3694.2,-0.0,-0.0,0.0,710.0,-0.0,-0.0,0.0,-0.0,1953.6,2073.8,-1.0,212.1,0.0,599.1
MEM,T0542,3694.2,-0.0,-0.0,0.0,710.2,-0.0,-0.0,0.0,-0.0,1953.6,2073.7,-1.0,212.1,0.0,599.1
MEM,T0543,3694.2,-0.0,-0.0,0.0,710.1,-0.0,-0.0,0.0,-0.0,1953.6,2073.7,-1.0,212.1,0.0,599.1
MEM,T0544,3694.2,-0.0,-0.0,0.0,710.5,-0.0,-0.0,0.0,-0.0,1953.6,2073.7,-1.0,212.1,0.0,599.1
MEM,T0545,3694.2,-0.0,-0.0,0.0,710.4,-0.0,-0.0,0.0,-0.0,1953.6,2073.7,-1.0,212.1,0.0,599.1
MEM,T0546,3694.2,-0.0,-0.0,0.0,709.7,-0.0,-0.0,0.0,-0.0,1953.6,2073.7,-1.0,212.1,0.0,599.1
MEM,T0547,3694.2,-0.0,-0.0,0.0,710.1,-0.0,-0.0,0.0,-0.0,1953.6,2073.7,-1.0,212.1,0.0,599.1
MEM,T0548,3694.2,-0.0,-0.0,0.0,710.0,-0.0,-0.0,0.0,-0.0,1953.6,2073.7,-1.0,212.1,0.0,599.1
MEM,T0549,3694.2,-0.0,-0.0,0.0,710.0,-0.0,-0.0,0.0,-0.0,1953.6,2073.7,-1.0,212.1,0.0,599.1
MEM,T0550,3694.2,-0.0,-0.0,0.0,710.0,-0.0,-0.0,0.0,-0.0,1953.7,2073.7,-1.0,212.1,0.0,599.1
MEM,T0551,3694.2,-0.0,-0.0,0.0,710.3,-0.0,-0.0,0.0,-0.0,1953.7,2073.7,-1.0,212.1,0.0,599.1
MEM,T0552,3694.2,-0.0,-0.0,0.0,707.8,-0.0,-0.0,0.0,-0.0,1953.7,2075.1,-1.0,212.1,0.0,599.1
MEM,T0553,3694.2,-0.0,-0.0,0.0,710.0,-0.0,-0.0,0.0,-0.0,1953.7,2073.8,-1.0,212.1,0.0,599.2
MEM,T0554,3694.2,-0.0,-0.0,0.0,710.0,-0.0,-0.0,0.0,-0.0,1953.7,2073.8,-1.0,212.1,0.0,599.2
MEM,T0555,3694.2,-0.0,-0.0,0.0,710.1,-0.0,-0.0,0.0,-0.0,1953.7,2073.8,-1.0,212.1,0.0,599.1
MEM,T0556,3694.2,-0.0,-0.0,0.0,710.0,-0.0,-0.0,0.0,-0.0,1953.7,2073.8,-1.0,212.1,0.0,599.1
MEM,T0557,3694.2,-0.0,-0.0,0.0,710.0,-0.0,-0.0,0.0,-0.0,1953.7,2073.8,-1.0,212.1,0.0,599.1
MEM,T0558,3694.2,-0.0,-0.0,0.0,709.8,-0.0,-0.0,0.0,-0.0,1953.7,2073.8,-1.0,212.1,0.0,599.2
MEM,T0559,3694.2,-0.0,-0.0,0.0,710.3,-0.0,-0.0,0.0,-0.0,1953.7,2073.4,-1.0,212.1,0.0,599.1
MEM,T0560,3694.2,-0.0,-0.0,0.0,710.6,-0.0,-0.0,0.0,-0.0,1953.7,2073.1,-1.0,212.1,0.0,599.1
MEM,T0561,3694.2,-0.0,-0.0,0.0,711.2,-0.0,-0.0,0.0,-0.0,1953.7,2073.0,-1.0,212.1,0.0,599.1
MEM,T0562,3694.2,-0.0,-0.0,0.0,710.8,-0.0,-0.0,0.0,-0.0,1953.8,2073.0,-1.0,212.1,0.0,599.2
MEM,T0563,3694.2,-0.0,-0.0,0.0,710.7,-0.0,-0.0,0.0,-0.0,1953.8,2073.0,-1.0,212.1,0.0,599.1
MEM,T0564,3694.2,-0.0,-0.0,0.0,710.9,-0.0,-0.0,0.0,-0.0,1953.8,2073.0,-1.0,212.1,0.0,599.1
MEM,T0565,3694.2,-0.0,-0.0,0.0,711.0,-0.0,-0.0,0.0,-0.0,1953.8,2073.0,-1.0,212.1,0.0,599.2
MEM,T0566,3694.2,-0.0,-0.0,0.0,710.9,-0.0,-0.0,0.0,-0.0,1953.8,2073.0,-1.0,212.1,0.0,599.1
MEM,T0567,3694.2,-0.0,-0.0,0.0,711.3,-0.0,-0.0,0.0,-0.0,1953.8,2073.0,-1.0,212.1,0.0,599.2
MEM,T0568,3694.2,-0.0,-0.0,0.0,711.1,-0.0,-0.0,0.0,-0.0,1953.8,2073.0,-1.0,212.1,0.0,599.1
MEM,T0569,3694.2,-0.0,-0.0,0.0,710.7,-0.0,-0.0,0.0,-0.0,1953.8,2073.2,-1.0,212.1,0.0,599.1
MEM,T0570,3694.2,-0.0,-0.0,0.0,710.6,-0.0,-0.0,0.0,-0.0,1953.8,2073.2,-1.0,212.1,0.0,599.1
MEM,T0571,3694.2,-0.0,-0.0,0.0,711.1,-0.0,-0.0,0.0,-0.0,1953.8,2073.2,-1.0,212.1,0.0,599.2
MEM,T0572,3694.2,-0.0,-0.0,0.0,710.7,-0.0,-0.0,0.0,-0.0,1953.8,2073.3,-1.0,212.1,0.0,599.1
MEM,T0573,3694.2,-0.0,-0.0,0.0,710.5,-0.0,-0.0,0.0,-0.0,1953.8,2073.3,-1.0,212.1,0.0,599.1
MEM,T0574,3694.2,-0.0,-0.0,0.0,710.6,-0.0,-0.0,0.0,-0.0,1953.8,2073.3,-1.0,212.1,0.0,599.1
MEM,T0575,3694.2,-0.0,-0.0,0.0,710.6,-0.0,-0.0,0.0,-0.0,1953.8,2073.3,-1.0,212.1,0.0,599.2
MEM,T0576,3694.2,-0.0,-0.0,0.0,709.9,-0.0,-0.0,0.0,-0.0,1953.9,2074.0,-1.0,212.1,0.0,599.2
MEM,T0577,3694.2,-0.0,-0.0,0.0,710.1,-0.0,-0.0,0.0,-0.0,1953.9,2074.0,-1.0,212.1,0.0,599.2
MEM,T0578,3694.2,-0.0,-0.0,0.0,710.4,-0.0,-0.0,0.0,-0.0,1953.9,2074.0,-1.0,212.1,0.0,599.1
MEM,T0579,3694.2,-0.0,-0.0,0.0,709.9,-0.0,-0.0,0.0,-0.0,1953.9,2074.0,-1.0,212.1,0.0,599.1
MEM,T0580,3694.2,-0.0,-0.0,0.0,709.8,-0.0,-0.0,0.0,-0.0,1953.9,2074.0,-1.0,212.1,0.0,599.1
MEM,T0581,3694.2,-0.0,-0.0,0.0,710.1,-0.0,-0.0,0.0,-0.0,1953.9,2074.0,-1.0,212.1,0.0,599.1
MEM,T0582,3694.2,-0.0,-0.0,0.0,709.6,-0.0,-0.0,0.0,-0.0,1953.9,2074.0,-1.0,212.1,0.0,599.2
MEM,T0583,3694.2,-0.0,-0.0,0.0,710.0,-0.0,-0.0,0.0,-0.0,1953.9,2074.1,-1.0,212.1,0.0,599.1
MEM,T0584,3694.2,-0.0,-0.0,0.0,709.6,-0.0,-0.0,0.0,-0.0,1953.9,2074.1,-1.0,212.1,0.0,599.2
MEM,T0585,3694.2,-0.0,-0.0,0.0,709.8,-0.0,-0.0,0.0,-0.0,1953.9,2074.1,-1.0,212.1,0.0,599.1
MEM,T0586,3694.2,-0.0,-0.0,0.0,709.6,-0.0,-0.0,0.0,-0.0,1953.9,2074.1,-1.0,212.1,0.0,599.1
MEM,T0587,3694.2,-0.0,-0.0,0.0,709.7,-0.0,-0.0,0.0,-0.0,1953.9,2074.1,-1.0,212.1,0.0,599.2
MEM,T0588,3694.2,-0.0,-0.0,0.0,709.6,-0.0,-0.0,0.0,-0.0,1953.9,2074.2,-1.0,212.1,0.0,599.1
MEM,T0589,3694.2,-0.0,-0.0,0.0,709.8,-0.0,-0.0,0.0,-0.0,1953.9,2074.2,-1.0,212.1,0.0,599.1
MEM,T0590,3694.2,-0.0,-0.0,0.0,709.6,-0.0,-0.0,0.0,-0.0,1954.0,2074.2,-1.0,212.1,0.0,599.1
MEM,T0591,3694.2,-0.0,-0.0,0.0,709.7,-0.0,-0.0,0.0,-0.0,1954.0,2074.2,-1.0,212.1,0.0,599.1
MEM,T0592,3694.2,-0.0,-0.0,0.0,709.8,-0.0,-0.0,0.0,-0.0,1954.0,2074.2,-1.0,212.1,0.0,599.1
MEM,T0593,3694.2,-0.0,-0.0,0.0,710.3,-0.0,-0.0,0.0,-0.0,1954.0,2074.0,-1.0,212.1,0.0,599.1
MEM,T0594,3694.2,-0.0,-0.0,0.0,710.0,-0.0,-0.0,0.0,-0.0,1954.0,2074.0,-1.0,212.1,0.0,599.1
MEM,T0595,3694.2,-0.0,-0.0,0.0,709.9,-0.0,-0.0,0.0,-0.0,1954.0,2074.0,-1.0,212.1,0.0,599.1
MEM,T0596,3694.2,-0.0,-0.0,0.0,710.2,-0.0,-0.0,0.0,-0.0,1954.0,2074.0,-1.0,212.1,0.0,599.2
MEM,T0597,3694.2,-0.0,-0.0,0.0,710.4,-0.0,-0.0,0.0,-0.0,1954.0,2074.0,-1.0,212.1,0.0,599.1
MEM,T0598,3694.2,-0.0,-0.0,0.0,709.5,-0.0,-0.0,0.0,-0.0,1954.0,2074.0,-1.0,212.1,0.0,599.1
MEM,T0599,3694.2,-0.0,-0.0,0.0,709.7,-0.0,-0.0,0.0,-0.0,1954.0,2074.0,-1.0,212.1,0.0,599.1
MEM,T0600,3694.2,-0.0,-0.0,0.0,709.8,-0.0,-0.0,0.0,-0.0,1954.0,2074.0,-1.0,212.1,0.0,599.1
MEM,T0601,3694.2,-0.0,-0.0,0.0,709.9,-0.0,-0.0,0.0,-0.0,1954.0,2074.0,-1.0,212.1,0.0,599.1
MEM,T0602,3694.2,-0.0,-0.0,0.0,709.8,-0.0,-0.0,0.0,-0.0,1954.0,2074.0,-1.0,212.1,0.0,599.1
MEM,T0603,3694.2,-0.0,-0.0,0.0,709.9,-0.0,-0.0,0.0,-0.0,1954.1,2074.1,-1.0,212.1,0.0,599.1
MEM,T0604,3694.2,-0.0,-0.0,0.0,709.6,-0.0,-0.0,0.0,-0.0,1954.1,2074.1,-1.0,212.1,0.0,599.1
MEM,T0605,3694.2,-0.0,-0.0,0.0,709.8,-0.0,-0.0,0.0,-0.0,1954.1,2074.1,-1.0,212.1,0.0,599.1
MEM,T0606,3694.2,-0.0,-0.0,0.0,710.0,-0.0,-0.0,0.0,-0.0,1954.1,2074.1,-1.0,212.1,0.0,599.1
MEM,T0607,3694.2,-0.0,-0.0,0.0,710.4,-0.0,-0.0,0.0,-0.0,1954.1,2073.4,-1.0,212.1,0.0,599.1
MEM,T0608,3694.2,-0.0,-0.0,0.0,710.4,-0.0,-0.0,0.0,-0.0,1954.1,2073.4,-1.0,212.1,0.0,599.1
MEM,T0609,3694.2,-0.0,-0.0,0.0,710.7,-0.0,-0.0,0.0,-0.0,1954.1,2073.3,-1.0,212.1,0.0,599.1
MEM,T0610,3694.2,-0.0,-0.0,0.0,710.5,-0.0,-0.0,0.0,-0.0,1954.1,2073.3,-1.0,212.1,0.0,599.1
MEM,T0611,3694.2,-0.0,-0.0,0.0,710.5,-0.0,-0.0,0.0,-0.0,1954.1,2073.3,-1.0,212.1,0.0,599.1
MEM,T0612,3694.2,-0.0,-0.0,0.0,710.6,-0.0,-0.0,0.0,-0.0,1954.1,2073.3,-1.0,212.1,0.0,599.1
MEM,T0613,3694.2,-0.0,-0.0,0.0,710.5,-0.0,-0.0,0.0,-0.0,1954.1,2073.3,-1.0,212.1,0.0,599.1
MEM,T0614,3694.2,-0.0,-0.0,0.0,711.0,-0.0,-0.0,0.0,-0.0,1954.1,2073.3,-1.0,212.1,0.0,599.1
MEM,T0615,3694.2,-0.0,-0.0,0.0,710.8,-0.0,-0.0,0.0,-0.0,1954.1,2073.4,-1.0,212.1,0.0,599.1
MEM,T0616,3694.2,-0.0,-0.0,0.0,710.6,-0.0,-0.0,0.0,-0.0,1954.2,2073.4,-1.0,212.1,0.0,599.1
MEM,T0617,3694.2,-0.0,-0.0,0.0,710.8,-0.0,-0.0,0.0,-0.0,1954.2,2073.3,-1.0,212.1,0.0,599.1
MEM,T0618,3694.2,-0.0,-0.0,0.0,710.5,-0.0,-0.0,0.0,-0.0,1954.2,2073.4,-1.0,212.1,0.0,599.1
MEM,T0619,3694.2,-0.0,-0.0,0.0,710.5,-0.0,-0.0,0.0,-0.0,1954.2,2073.4,-1.0,212.1,0.0,599.1
MEM,T0620,3694.2,-0.0,-0.0,0.0,710.9,-0.0,-0.0,0.0,-0.0,1954.2,2073.4,-1.0,212.1,0.0,599.1
MEM,T0621,3694.2,-0.0,-0.0,0.0,710.6,-0.0,-0.0,0.0,-0.0,1954.2,2073.4,-1.0,212.1,0.0,599.1
MEM,T0622,3694.2,-0.0,-0.0,0.0,710.5,-0.0,-0.0,0.0,-0.0,1954.2,2073.4,-1.0,212.1,0.0,599.1
MEM,T0623,3694.2,-0.0,-0.0,0.0,710.3,-0.0,-0.0,0.0,-0.0,1954.2,2073.4,-1.0,212.1,0.0,599.1
MEM,T0624,3694.2,-0.0,-0.0,0.0,710.4,-0.0,-0.0,0.0,-0.0,1954.2,2073.4,-1.0,212.1,0.0,599.1
MEM,T0625,3694.2,-0.0,-0.0,0.0,710.4,-0.0,-0.0,0.0,-0.0,1954.2,2073.4,-1.0,212.1,0.0,599.1
MEM,T0626,3694.2,-0.0,-0.0,0.0,710.4,-0.0,-0.0,0.0,-0.0,1954.2,2073.4,-1.0,212.1,0.0,599.1
MEM,T0627,3694.2,-0.0,-0.0,0.0,710.4,-0.0,-0.0,0.0,-0.0,1954.2,2073.5,-1.0,212.1,0.0,599.1
MEM,T0628,3694.2,-0.0,-0.0,0.0,710.2,-0.0,-0.0,0.0,-0.0,1954.2,2073.5,-1.0,212.1,0.0,599.1
MEM,T0629,3694.2,-0.0,-0.0,0.0,710.3,-0.0,-0.0,0.0,-0.0,1954.2,2073.5,-1.0,212.1,0.0,599.1
MEM,T0630,3694.2,-0.0,-0.0,0.0,710.2,-0.0,-0.0,0.0,-0.0,1954.3,2073.5,-1.0,212.1,0.0,599.1
MEM,T0631,3694.2,-0.0,-0.0,0.0,710.5,-0.0,-0.0,0.0,-0.0,1954.3,2073.5,-1.0,212.1,0.0,599.1
MEM,T0632,3694.2,-0.0,-0.0,0.0,710.2,-0.0,-0.0,0.0,-0.0,1954.3,2073.5,-1.0,212.1,0.0,599.1
MEM,T0633,3694.2,-0.0,-0.0,0.0,710.4,-0.0,-0.0,0.0,-0.0,1954.3,2073.6,-1.0,212.1,0.0,599.1
MEM,T0634,3694.2,-0.0,-0.0,0.0,710.2,-0.0,-0.0,0.0,-0.0,1954.3,2073.6,-1.0,212.1,0.0,599.1
MEM,T0635,3694.2,-0.0,-0.0,0.0,710.1,-0.0,-0.0,0.0,-0.0,1954.3,2073.6,-1.0,212.1,0.0,599.1
MEM,T0636,3694.2,-0.0,-0.0,0.0,710.4,-0.0,-0.0,0.0,-0.0,1954.3,2073.6,-1.0,212.1,0.0,599.1
MEM,T0637,3694.2,-0.0,-0.0,0.0,709.7,-0.0,-0.0,0.0,-0.0,1954.3,2074.3,-1.0,212.1,0.0,599.1
MEM,T0638,3694.2,-0.0,-0.0,0.0,709.5,-0.0,-0.0,0.0,-0.0,1954.3,2074.3,-1.0,212.1,0.0,599.1
MEM,T0639,3694.2,-0.0,-0.0,0.0,709.7,-0.0,-0.0,0.0,-0.0,1954.3,2074.3,-1.0,212.1,0.0,599.1
MEM,T0640,3694.2,-0.0,-0.0,0.0,709.7,-0.0,-0.0,0.0,-0.0,1954.3,2074.3,-1.0,212.1,0.0,599.1
MEM,T0641,3694.2,-0.0,-0.0,0.0,709.7,-0.0,-0.0,0.0,-0.0,1954.3,2074.1,-1.0,212.1,0.0,599.1
MEM,T0642,3694.2,-0.0,-0.0,0.0,709.7,-0.0,-0.0,0.0,-0.0,1954.4,2074.1,-1.0,212.1,0.0,599.1
MEM,T0643,3694.2,-0.0,-0.0,0.0,709.9,-0.0,-0.0,0.0,-0.0,1954.4,2074.1,-1.0,212.1,0.0,599.1
MEM,T0644,3694.2,-0.0,-0.0,0.0,709.5,-0.0,-0.0,0.0,-0.0,1954.4,2074.1,-1.0,212.1,0.0,599.1
MEM,T0645,3694.2,-0.0,-0.0,0.0,709.8,-0.0,-0.0,0.0,-0.0,1954.4,2074.2,-1.0,212.1,0.0,599.1
MEM,T0646,3694.2,-0.0,-0.0,0.0,709.5,-0.0,-0.0,0.0,-0.0,1954.4,2074.2,-1.0,212.1,0.0,599.1
MEM,T0647,3694.2,-0.0,-0.0,0.0,709.7,-0.0,-0.0,0.0,-0.0,1954.4,2074.3,-1.0,212.1,0.0,599.1
MEM,T0648,3694.2,-0.0,-0.0,0.0,709.4,-0.0,-0.0,0.0,-0.0,1954.4,2074.2,-1.0,212.1,0.0,599.1
MEM,T0649,3694.2,-0.0,-0.0,0.0,709.4,-0.0,-0.0,0.0,-0.0,1954.4,2074.2,-1.0,212.1,0.0,599.1
MEM,T0650,3694.2,-0.0,-0.0,0.0,709.5,-0.0,-0.0,0.0,-0.0,1954.4,2074.2,-1.0,212.1,0.0,599.1
MEM,T0651,3694.2,-0.0,-0.0,0.0,709.7,-0.0,-0.0,0.0,-0.0,1954.4,2074.2,-1.0,212.1,0.0,599.1
MEM,T0652,3694.2,-0.0,-0.0,0.0,709.8,-0.0,-0.0,0.0,-0.0,1954.4,2074.2,-1.0,212.1,0.0,599.1
MEM,T0653,3694.2,-0.0,-0.0,0.0,709.6,-0.0,-0.0,0.0,-0.0,1954.4,2074.2,-1.0,212.1,0.0,599.1
MEM,T0654,3694.2,-0.0,-0.0,0.0,709.7,-0.0,-0.0,0.0,-0.0,1954.4,2074.2,-1.0,212.1,0.0,599.1
MEM,T0655,3694.2,-0.0,-0.0,0.0,709.4,-0.0,-0.0,0.0,-0.0,1954.4,2074.2,-1.0,212.1,0.0,599.1
MEM,T0656,3694.2,-0.0,-0.0,0.0,709.3,-0.0,-0.0,0.0,-0.0,1954.5,2074.4,-1.0,212.1,0.0,599.1
MEM,T0657,3694.2,-0.0,-0.0,0.0,709.7,-0.0,-0.0,0.0,-0.0,1954.5,2074.1,-1.0,212.1,0.0,599.1
MEM,T0658,3694.2,-0.0,-0.0,0.0,709.7,-0.0,-0.0,0.0,-0.0,1954.5,2074.3,-1.0,212.1,0.0,599.1
MEM,T0659,3694.2,-0.0,-0.0,0.0,709.5,-0.0,-0.0,0.0,-0.0,1954.5,2074.4,-1.0,212.1,0.0,599.1
MEM,T0660,3694.2,-0.0,-0.0,0.0,709.7,-0.0,-0.0,0.0,-0.0,1954.5,2074.3,-1.0,212.1,0.0,599.1
MEM,T0661,3694.2,-0.0,-0.0,0.0,709.6,-0.0,-0.0,0.0,-0.0,1954.5,2074.3,-1.0,212.1,0.0,599.1
MEM,T0662,3694.2,-0.0,-0.0,0.0,709.5,-0.0,-0.0,0.0,-0.0,1954.5,2074.3,-1.0,212.1,0.0,599.1
MEM,T0663,3694.2,-0.0,-0.0,0.0,709.9,-0.0,-0.0,0.0,-0.0,1954.5,2074.3,-1.0,212.1,0.0,599.1
MEM,T0664,3694.2,-0.0,-0.0,0.0,709.5,-0.0,-0.0,0.0,-0.0,1954.5,2074.3,-1.0,212.1,0.0,599.2
MEM,T0665,3694.2,-0.0,-0.0,0.0,709.6,-0.0,-0.0,0.0,-0.0,1954.5,2074.3,-1.0,212.1,0.0,599.1
MEM,T0666,3694.2,-0.0,-0.0,0.0,709.7,-0.0,-0.0,0.0,-0.0,1954.5,2074.5,-1.0,212.1,0.0,599.2
MEM,T0667,3694.2,-0.0,-0.0,0.0,709.4,-0.0,-0.0,0.0,-0.0,1954.5,2074.4,-1.0,212.1,0.0,599.1
MEM,T0668,3694.2,-0.0,-0.0,0.0,708.9,-0.0,-0.0,0.0,-0.0,1954.5,2074.4,-1.0,212.1,0.0,599.1
MEM,T0669,3694.2,-0.0,-0.0,0.0,709.3,-0.0,-0.0,0.0,-0.0,1954.6,2074.5,-1.0,212.1,0.0,599.2
MEM,T0670,3694.2,-0.0,-0.0,0.0,709.2,-0.0,-0.0,0.0,-0.0,1954.6,2074.5,-1.0,212.1,0.0,599.1
MEM,T0671,3694.2,-0.0,-0.0,0.0,709.0,-0.0,-0.0,0.0,-0.0,1954.6,2074.6,-1.0,212.1,0.0,599.1
MEM,T0672,3694.2,-0.0,-0.0,0.0,709.2,-0.0,-0.0,0.0,-0.0,1954.6,2074.5,-1.0,212.1,0.0,599.1
MEM,T0673,3694.2,-0.0,-0.0,0.0,709.8,-0.0,-0.0,0.0,-0.0,1954.6,2074.5,-1.0,212.1,0.0,599.1
MEM,T0674,3694.2,-0.0,-0.0,0.0,709.2,-0.0,-0.0,0.0,-0.0,1954.6,2074.5,-1.0,212.1,0.0,599.1
MEM,T0675,3694.2,-0.0,-0.0,0.0,709.2,-0.0,-0.0,0.0,-0.0,1954.6,2074.6,-1.0,212.1,0.0,599.1
MEM,T0676,3694.2,-0.0,-0.0,0.0,709.1,-0.0,-0.0,0.0,-0.0,1954.6,2074.6,-1.0,212.1,0.0,599.1
MEM,T0677,3694.2,-0.0,-0.0,0.0,709.3,-0.0,-0.0,0.0,-0.0,1954.6,2074.6,-1.0,212.1,0.0,599.1
MEM,T0678,3694.2,-0.0,-0.0,0.0,709.1,-0.0,-0.0,0.0,-0.0,1954.6,2074.6,-1.0,212.1,0.0,599.1
MEM,T0679,3694.2,-0.0,-0.0,0.0,709.9,-0.0,-0.0,0.0,-0.0,1954.6,2073.9,-1.0,212.1,0.0,599.1
MEM,T0680,3694.2,-0.0,-0.0,0.0,709.7,-0.0,-0.0,0.0,-0.0,1954.6,2074.0,-1.0,212.1,0.0,599.1
MEM,T0681,3694.2,-0.0,-0.0,0.0,710.2,-0.0,-0.0,0.0,-0.0,1954.6,2073.9,-1.0,212.1,0.0,599.1
MEM,T0682,3694.2,-0.0,-0.0,0.0,709.9,-0.0,-0.0,0.0,-0.0,1954.7,2074.0,-1.0,212.1,0.0,599.1
MEM,T0683,3694.2,-0.0,-0.0,0.0,709.8,-0.0,-0.0,0.0,-0.0,1954.7,2074.1,-1.0,212.1,0.0,599.1
MEM,T0684,3694.2,-0.0,-0.0,0.0,709.9,-0.0,-0.0,0.0,-0.0,1954.7,2074.0,-1.0,212.1,0.0,599.1
MEM,T0685,3694.2,-0.0,-0.0,0.0,710.0,-0.0,-0.0,0.0,-0.0,1954.7,2074.0,-1.0,212.1,0.0,599.1
MEM,T0686,3694.2,-0.0,-0.0,0.0,709.9,-0.0,-0.0,0.0,-0.0,1954.7,2074.0,-1.0,212.1,0.0,599.1
MEM,T0687,3694.2,-0.0,-0.0,0.0,710.0,-0.0,-0.0,0.0,-0.0,1954.7,2074.0,-1.0,212.1,0.0,599.1
MEM,T0688,3694.2,-0.0,-0.0,0.0,709.9,-0.0,-0.0,0.0,-0.0,1954.7,2074.0,-1.0,212.1,0.0,599.1
MEM,T0689,3694.2,-0.0,-0.0,0.0,709.8,-0.0,-0.0,0.0,-0.0,1954.7,2074.1,-1.0,212.1,0.0,599.1
MEM,T0690,3694.2,-0.0,-0.0,0.0,709.9,-0.0,-0.0,0.0,-0.0,1954.7,2074.0,-1.0,212.1,0.0,599.1
MEM,T0691,3694.2,-0.0,-0.0,0.0,710.0,-0.0,-0.0,0.0,-0.0,1954.7,2074.0,-1.0,212.1,0.0,599.1
MEM,T0692,3694.2,-0.0,-0.0,0.0,709.6,-0.0,-0.0,0.0,-0.0,1954.7,2074.1,-1.0,212.1,0.0,599.1
MEM,T0693,3694.2,-0.0,-0.0,0.0,710.3,-0.0,-0.0,0.0,-0.0,1954.7,2074.2,-1.0,212.1,0.0,599.1
MEM,T0694,3694.2,-0.0,-0.0,0.0,709.8,-0.0,-0.0,0.0,-0.0,1954.8,2074.2,-1.0,212.1,0.0,599.1
MEM,T0695,3694.2,-0.0,-0.0,0.0,709.8,-0.0,-0.0,0.0,-0.0,1954.8,2074.3,-1.0,212.1,0.0,599.1
MEM,T0696,3694.2,-0.0,-0.0,0.0,710.3,-0.0,-0.0,0.0,-0.0,1954.8,2074.2,-1.0,212.1,0.0,599.1
MEM,T0697,3694.2,-0.0,-0.0,0.0,709.1,-0.0,-0.0,0.0,-0.0,1954.8,2074.9,-1.0,212.1,0.0,599.1
MEM,T0698,3694.2,-0.0,-0.0,0.0,708.7,-0.0,-0.0,0.0,-0.0,1954.8,2074.9,-1.0,212.1,0.0,599.1
MEM,T0699,3694.2,-0.0,-0.0,0.0,708.8,-0.0,-0.0,0.0,-0.0,1954.8,2074.9,-1.0,212.1,0.0,599.1
MEM,T0700,3694.2,-0.0,-0.0,0.0,708.9,-0.0,-0.0,0.0,-0.0,1954.8,2074.9,-1.0,212.1,0.0,599.1
MEM,T0701,3694.2,-0.0,-0.0,0.0,708.9,-0.0,-0.0,0.0,-0.0,1954.8,2074.9,-1.0,212.1,0.0,599.1
MEM,T0702,3694.2,-0.0,-0.0,0.0,707.6,-0.0,-0.0,0.0,-0.0,1954.8,2076.4,-1.0,212.1,0.0,599.1
MEM,T0703,3694.2,-0.0,-0.0,0.0,708.9,-0.0,-0.0,0.0,-0.0,1954.8,2074.9,-1.0,212.1,0.0,599.1
MEM,T0704,3694.2,-0.0,-0.0,0.0,708.7,-0.0,-0.0,0.0,-0.0,1954.8,2074.9,-1.0,212.1,0.0,599.1
MEM,T0705,3694.2,-0.0,-0.0,0.0,708.9,-0.0,-0.0,0.0,-0.0,1954.8,2074.9,-1.0,212.1,0.0,599.1
MEM,T0706,3694.2,-0.0,-0.0,0.0,709.3,-0.0,-0.0,0.0,-0.0,1954.8,2074.8,-1.0,212.1,0.0,599.1
MEM,T0707,3694.2,-0.0,-0.0,0.0,708.9,-0.0,-0.0,0.0,-0.0,1954.8,2074.9,-1.0,212.1,0.0,599.1
MEM,T0708,3694.2,-0.0,-0.0,0.0,709.0,-0.0,-0.0,0.0,-0.0,1954.9,2074.9,-1.0,212.1,0.0,599.1
MEM,T0709,3694.2,-0.0,-0.0,0.0,708.8,-0.0,-0.0,0.0,-0.0,1954.9,2075.0,-1.0,212.1,0.0,599.1
MEM,T0710,3694.2,-0.0,-0.0,0.0,709.1,-0.0,-0.0,0.0,-0.0,1954.9,2074.9,-1.0,212.1,0.0,599.2
MEM,T0711,3694.2,-0.0,-0.0,0.0,708.9,-0.0,-0.0,0.0,-0.0,1954.9,2075.0,-1.0,212.1,0.0,599.1
MEM,T0712,3694.2,-0.0,-0.0,0.0,708.7,-0.0,-0.0,0.0,-0.0,1954.9,2074.9,-1.0,212.1,0.0,599.1
MEM,T0713,3694.2,-0.0,-0.0,0.0,708.6,-0.0,-0.0,0.0,-0.0,1954.9,2075.0,-1.0,212.1,0.0,599.1
MEM,T0714,3694.2,-0.0,-0.0,0.0,709.1,-0.0,-0.0,0.0,-0.0,1954.9,2074.8,-1.0,212.1,0.0,599.1
MEM,T0715,3694.2,-0.0,-0.0,0.0,708.9,-0.0,-0.0,0.0,-0.0,1954.9,2074.9,-1.0,212.1,0.0,599.1
MEM,T0716,3694.2,-0.0,-0.0,0.0,708.9,-0.0,-0.0,0.0,-0.0,1954.9,2074.8,-1.0,212.1,0.0,599.1
MEM,T0717,3694.2,-0.0,-0.0,0.0,709.3,-0.0,-0.0,0.0,-0.0,1954.9,2074.9,-1.0,212.1,0.0,599.1
MEM,T0718,3694.2,-0.0,-0.0,0.0,708.8,-0.0,-0.0,0.0,-0.0,1954.9,2074.9,-1.0,212.1,0.0,599.1
MEM,T0719,3694.2,-0.0,-0.0,0.0,708.7,-0.0,-0.0,0.0,-0.0,1954.9,2075.0,-1.0,212.1,0.0,599.1
MEM,T0720,3694.2,-0.0,-0.0,0.0,709.0,-0.0,-0.0,0.0,-0.0,1954.9,2075.0,-1.0,212.1,0.0,599.1
MEM,T0721,3694.2,-0.0,-0.0,0.0,708.9,-0.0,-0.0,0.0,-0.0,1954.9,2075.2,-1.0,212.1,0.0,599.1
MEM,T0722,3694.2,-0.0,-0.0,0.0,709.0,-0.0,-0.0,0.0,-0.0,1955.0,2075.0,-1.0,212.1,0.0,599.1
MEM,T0723,3694.2,-0.0,-0.0,0.0,708.7,-0.0,-0.0,0.0,-0.0,1955.0,2075.2,-1.0,212.1,0.0,599.1
MEM,T0724,3694.2,-0.0,-0.0,0.0,708.8,-0.0,-0.0,0.0,-0.0,1955.0,2075.0,-1.0,212.1,0.0,599.1
MEM,T0725,3694.2,-0.0,-0.0,0.0,708.7,-0.0,-0.0,0.0,-0.0,1955.0,2075.1,-1.0,212.1,0.0,599.1
MEM,T0726,3694.2,-0.0,-0.0,0.0,708.7,-0.0,-0.0,0.0,-0.0,1955.0,2075.0,-1.0,212.1,0.0,599.1
MEM,T0727,3694.2,-0.0,-0.0,0.0,709.0,-0.0,-0.0,0.0,-0.0,1955.0,2074.7,-1.0,212.1,0.0,599.1
MEM,T0728,3694.2,-0.0,-0.0,0.0,709.1,-0.0,-0.0,0.0,-0.0,1955.0,2074.6,-1.0,212.1,0.0,599.1
MEM,T0729,3694.2,-0.0,-0.0,0.0,709.4,-0.0,-0.0,0.0,-0.0,1955.0,2074.6,-1.0,212.1,0.0,599.1
MEM,T0730,3694.2,-0.0,-0.0,0.0,709.8,-0.0,-0.0,0.0,-0.0,1955.0,2074.5,-1.0,212.1,0.0,599.1
MEM,T0731,3694.2,-0.0,-0.0,0.0,709.8,-0.0,-0.0,0.0,-0.0,1955.0,2074.5,-1.0,212.1,0.0,599.1
MEM,T0732,3694.2,-0.0,-0.0,0.0,709.4,-0.0,-0.0,0.0,-0.0,1955.0,2074.6,-1.0,212.1,0.0,599.1
MEM,T0733,3694.2,-0.0,-0.0,0.0,709.2,-0.0,-0.0,0.0,-0.0,1955.0,2074.6,-1.0,212.1,0.0,599.1
MEM,T0734,3694.2,-0.0,-0.0,0.0,709.8,-0.0,-0.0,0.0,-0.0,1955.0,2074.6,-1.0,212.1,0.0,599.1
MEM,T0735,3694.2,-0.0,-0.0,0.0,709.6,-0.0,-0.0,0.0,-0.0,1955.0,2074.6,-1.0,212.1,0.0,599.1
MEM,T0736,3694.2,-0.0,-0.0,0.0,709.4,-0.0,-0.0,0.0,-0.0,1955.1,2074.6,-1.0,212.1,0.0,599.1
MEM,T0737,3694.2,-0.0,-0.0,0.0,709.2,-0.0,-0.0,0.0,-0.0,1955.1,2074.6,-1.0,212.1,0.0,599.1
MEM,T0738,3694.2,-0.0,-0.0,0.0,710.0,-0.0,-0.0,0.0,-0.0,1955.1,2074.2,-1.0,212.1,0.0,599.2
MEM,T0739,3694.2,-0.0,-0.0,0.0,709.4,-0.0,-0.0,0.0,-0.0,1955.1,2074.5,-1.0,212.1,0.0,599.1
MEM,T0740,3694.2,-0.0,-0.0,0.0,709.4,-0.0,-0.0,0.0,-0.0,1955.1,2074.5,-1.0,212.1,0.0,599.2
MEM,T0741,3694.2,-0.0,-0.0,0.0,709.6,-0.0,-0.0,0.0,-0.0,1955.1,2074.5,-1.0,212.1,0.0,599.1
MEM,T0742,3694.2,-0.0,-0.0,0.0,709.4,-0.0,-0.0,0.0,-0.0,1955.1,2074.5,-1.0,212.1,0.0,599.2
MEM,T0743,3694.2,-0.0,-0.0,0.0,709.6,-0.0,-0.0,0.0,-0.0,1955.1,2074.5,-1.0,212.1,0.0,599.1
MEM,T0744,3694.2,-0.0,-0.0,0.0,709.4,-0.0,-0.0,0.0,-0.0,1955.1,2074.5,-1.0,212.1,0.0,599.1
MEM,T0745,3694.2,-0.0,-0.0,0.0,709.8,-0.0,-0.0,0.0,-0.0,1955.1,2074.5,-1.0,212.1,0.0,599.1
MEM,T0746,3694.2,-0.0,-0.0,0.0,709.4,-0.0,-0.0,0.0,-0.0,1955.1,2074.5,-1.0,212.1,0.0,599.1
MEM,T0747,3694.2,-0.0,-0.0,0.0,709.6,-0.0,-0.0,0.0,-0.0,1955.1,2074.5,-1.0,212.1,0.0,599.1
MEM,T0748,3694.2,-0.0,-0.0,0.0,709.5,-0.0,-0.0,0.0,-0.0,1955.2,2074.6,-1.0,212.1,0.0,599.2
MEM,T0749,3694.2,-0.0,-0.0,0.0,709.5,-0.0,-0.0,0.0,-0.0,1955.2,2074.6,-1.0,212.1,0.0,599.1
MEM,T0750,3694.2,-0.0,-0.0,0.0,709.2,-0.0,-0.0,0.0,-0.0,1955.2,2074.6,-1.0,212.1,0.0,599.2
MEM,T0751,3694.2,-0.0,-0.0,0.0,709.6,-0.0,-0.0,0.0,-0.0,1955.2,2074.3,-1.0,212.1,0.0,599.1
MEM,T0752,3694.2,-0.0,-0.0,0.0,709.4,-0.0,-0.0,0.0,-0.0,1955.2,2074.4,-1.0,212.1,0.0,599.1
MEM,T0753,3694.2,-0.0,-0.0,0.0,709.4,-0.0,-0.0,0.0,-0.0,1955.2,2074.4,-1.0,212.1,0.0,599.1
MEM,T0754,3694.2,-0.0,-0.0,0.0,709.3,-0.0,-0.0,0.0,-0.0,1955.2,2074.5,-1.0,212.1,0.0,599.1
MEM,T0755,3694.2,-0.0,-0.0,0.0,709.3,-0.0,-0.0,0.0,-0.0,1955.2,2074.5,-1.0,212.1,0.0,599.1
MEM,T0756,3694.2,-0.0,-0.0,0.0,709.3,-0.0,-0.0,0.0,-0.0,1955.2,2074.5,-1.0,212.1,0.0,599.1
MEM,T0757,3694.2,-0.0,-0.0,0.0,709.1,-0.0,-0.0,0.0,-0.0,1955.2,2074.5,-1.0,212.1,0.0,599.1
MEM,T0758,3694.2,-0.0,-0.0,0.0,708.2,-0.0,-0.0,0.0,-0.0,1955.2,2075.2,-1.0,212.1,0.0,599.1
MEM,T0759,3694.2,-0.0,-0.0,0.0,708.4,-0.0,-0.0,0.0,-0.0,1955.2,2075.2,-1.0,212.1,0.0,599.1
MEM,T0760,3694.2,-0.0,-0.0,0.0,708.3,-0.0,-0.0,0.0,-0.0,1955.2,2075.2,-1.0,212.1,0.0,599.1
MEM,T0761,3694.2,-0.0,-0.0,0.0,708.4,-0.0,-0.0,0.0,-0.0,1955.2,2075.2,-1.0,212.1,0.0,599.1
MEM,T0762,3694.2,-0.0,-0.0,0.0,708.2,-0.0,-0.0,0.0,-0.0,1955.3,2075.2,-1.0,212.1,0.0,599.2
MEM,T0763,3694.2,-0.0,-0.0,0.0,708.4,-0.0,-0.0,0.0,-0.0,1955.3,2075.2,-1.0,212.1,0.0,599.2
MEM,T0764,3694.2,-0.0,-0.0,0.0,708.6,-0.0,-0.0,0.0,-0.0,1955.3,2075.3,-1.0,212.1,0.0,599.2
MEM,T0765,3694.2,-0.0,-0.0,0.0,708.3,-0.0,-0.0,0.0,-0.0,1955.3,2075.3,-1.0,212.1,0.0,599.2
MEM,T0766,3694.2,-0.0,-0.0,0.0,708.3,-0.0,-0.0,0.0,-0.0,1955.3,2075.3,-1.0,212.1,0.0,599.2
MEM,T0767,3694.2,-0.0,-0.0,0.0,708.6,-0.0,-0.0,0.0,-0.0,1955.3,2075.3,-1.0,212.1,0.0,599.2
MEM,T0768,3694.2,-0.0,-0.0,0.0,708.5,-0.0,-0.0,0.0,-0.0,1955.3,2075.3,-1.0,212.1,0.0,599.2
MEM,T0769,3694.2,-0.0,-0.0,0.0,708.4,-0.0,-0.0,0.0,-0.0,1955.3,2075.3,-1.0,212.1,0.0,599.2
MEM,T0770,3694.2,-0.0,-0.0,0.0,707.6,-0.0,-0.0,0.0,-0.0,1955.3,2076.4,-1.0,212.1,0.0,599.2
MEM,T0771,3694.2,-0.0,-0.0,0.0,708.5,-0.0,-0.0,0.0,-0.0,1955.3,2075.3,-1.0,212.1,0.0,599.2
MEM,T0772,3694.2,-0.0,-0.0,0.0,708.5,-0.0,-0.0,0.0,-0.0,1955.4,2075.3,-1.0,212.1,0.0,599.1
MEM,T0773,3694.2,-0.0,-0.0,0.0,708.4,-0.0,-0.0,0.0,-0.0,1955.4,2075.3,-1.0,212.1,0.0,599.2
MEM,T0774,3694.2,-0.0,-0.0,0.0,708.5,-0.0,-0.0,0.0,-0.0,1955.4,2075.3,-1.0,212.1,0.0,599.1
MEM,T0775,3694.2,-0.0,-0.0,0.0,708.5,-0.0,-0.0,0.0,-0.0,1955.4,2075.3,-1.0,212.1,0.0,599.1
MEM,T0776,3694.2,-0.0,-0.0,0.0,708.5,-0.0,-0.0,0.0,-0.0,1955.4,2075.4,-1.0,212.1,0.0,599.1
MEM,T0777,3694.2,-0.0,-0.0,0.0,708.5,-0.0,-0.0,0.0,-0.0,1955.4,2075.4,-1.0,212.1,0.0,599.1
MEM,T0778,3694.2,-0.0,-0.0,0.0,708.6,-0.0,-0.0,0.0,-0.0,1955.4,2075.4,-1.0,212.1,0.0,599.1
MEM,T0779,3694.2,-0.0,-0.0,0.0,708.8,-0.0,-0.0,0.0,-0.0,1955.4,2075.3,-1.0,212.1,0.0,599.1
MEM,T0780,3694.2,-0.0,-0.0,0.0,708.5,-0.0,-0.0,0.0,-0.0,1955.4,2075.3,-1.0,212.1,0.0,599.1
MEM,T0781,3694.2,-0.0,-0.0,0.0,708.6,-0.0,-0.0,0.0,-0.0,1955.4,2075.3,-1.0,212.1,0.0,599.1
MEM,T0782,3694.2,-0.0,-0.0,0.0,708.8,-0.0,-0.0,0.0,-0.0,1955.4,2075.3,-1.0,212.1,0.0,599.1
MEM,T0783,3694.2,-0.0,-0.0,0.0,708.6,-0.0,-0.0,0.0,-0.0,1955.4,2075.3,-1.0,212.1,0.0,599.1
MEM,T0784,3694.2,-0.0,-0.0,0.0,708.6,-0.0,-0.0,0.0,-0.0,1955.4,2075.3,-1.0,212.1,0.0,599.1
MEM,T0785,3694.2,-0.0,-0.0,0.0,708.5,-0.0,-0.0,0.0,-0.0,1955.4,2075.4,-1.0,212.1,0.0,599.1
MEM,T0786,3694.2,-0.0,-0.0,0.0,708.6,-0.0,-0.0,0.0,-0.0,1955.4,2075.4,-1.0,212.1,0.0,599.1
MEM,T0787,3694.2,-0.0,-0.0,0.0,708.5,-0.0,-0.0,0.0,-0.0,1955.4,2075.4,-1.0,212.1,0.0,599.1
MEM,T0788,3694.2,-0.0,-0.0,0.0,708.4,-0.0,-0.0,0.0,-0.0,1955.5,2075.4,-1.0,212.1,0.0,599.1
MEM,T0789,3694.2,-0.0,-0.0,0.0,708.6,-0.0,-0.0,0.0,-0.0,1955.5,2075.4,-1.0,212.1,0.0,599.1
MEM,T0790,3694.2,-0.0,-0.0,0.0,708.6,-0.0,-0.0,0.0,-0.0,1955.5,2075.4,-1.0,212.1,0.0,599.1
MEM,T0791,3694.2,-0.0,-0.0,0.0,708.5,-0.0,-0.0,0.0,-0.0,1955.5,2075.4,-1.0,212.1,0.0,599.1
MEM,T0792,3694.2,-0.0,-0.0,0.0,708.6,-0.0,-0.0,0.0,-0.0,1955.5,2075.4,-1.0,212.1,0.0,599.1
MEM,T0793,3694.2,-0.0,-0.0,0.0,708.6,-0.0,-0.0,0.0,-0.0,1955.5,2075.4,-1.0,212.1,0.0,599.1
MEM,T0794,3694.2,-0.0,-0.0,0.0,708.5,-0.0,-0.0,0.0,-0.0,1955.5,2075.4,-1.0,212.1,0.0,599.1
MEM,T0795,3694.2,-0.0,-0.0,0.0,708.6,-0.0,-0.0,0.0,-0.0,1955.5,2075.5,-1.0,212.1,0.0,599.1
MEM,T0796,3694.2,-0.0,-0.0,0.0,708.2,-0.0,-0.0,0.0,-0.0,1955.5,2075.5,-1.0,212.1,0.0,599.1
MEM,T0797,3694.2,-0.0,-0.0,0.0,708.2,-0.0,-0.0,0.0,-0.0,1955.5,2075.5,-1.0,212.1,0.0,599.1
MEM,T0798,3694.2,-0.0,-0.0,0.0,708.2,-0.0,-0.0,0.0,-0.0,1955.5,2075.5,-1.0,212.1,0.0,599.1
MEM,T0799,3694.2,-0.0,-0.0,0.0,709.1,-0.0,-0.0,0.0,-0.0,1955.5,2074.7,-1.0,212.1,0.0,599.1
MEM,T0800,3694.2,-0.0,-0.0,0.0,709.1,-0.0,-0.0,0.0,-0.0,1955.6,2074.8,-1.0,212.1,0.0,599.1
MEM,T0801,3694.2,-0.0,-0.0,0.0,708.9,-0.0,-0.0,0.0,-0.0,1955.6,2074.8,-1.0,212.1,0.0,599.1
MEM,T0802,3694.2,-0.0,-0.0,0.0,709.1,-0.0,-0.0,0.0,-0.0,1955.6,2074.8,-1.0,212.1,0.0,599.1
MEM,T0803,3694.2,-0.0,-0.0,0.0,708.8,-0.0,-0.0,0.0,-0.0,1955.6,2074.9,-1.0,212.1,0.0,599.1
MEM,T0804,3694.2,-0.0,-0.0,0.0,708.8,-0.0,-0.0,0.0,-0.0,1955.6,2074.9,-1.0,212.1,0.0,599.1
MEM,T0805,3694.2,-0.0,-0.0,0.0,708.8,-0.0,-0.0,0.0,-0.0,1955.6,2074.9,-1.0,212.1,0.0,599.1
MEM,T0806,3694.2,-0.0,-0.0,0.0,708.7,-0.0,-0.0,0.0,-0.0,1955.6,2074.9,-1.0,212.1,0.0,599.1
MEM,T0807,3694.2,-0.0,-0.0,0.0,708.7,-0.0,-0.0,0.0,-0.0,1955.6,2074.9,-1.0,212.1,0.0,599.1
MEM,T0808,3694.2,-0.0,-0.0,0.0,708.7,-0.0,-0.0,0.0,-0.0,1955.6,2074.9,-1.0,212.1,0.0,599.1
MEM,T0809,3694.2,-0.0,-0.0,0.0,708.6,-0.0,-0.0,0.0,-0.0,1955.6,2074.9,-1.0,212.1,0.0,599.1
MEM,T0810,3694.2,-0.0,-0.0,0.0,708.6,-0.0,-0.0,0.0,-0.0,1955.6,2075.0,-1.0,212.1,0.0,599.1
MEM,T0811,3694.2,-0.0,-0.0,0.0,708.7,-0.0,-0.0,0.0,-0.0,1955.6,2075.0,-1.0,212.1,0.0,599.1
MEM,T0812,3694.2,-0.0,-0.0,0.0,708.7,-0.0,-0.0,0.0,-0.0,1955.6,2075.0,-1.0,212.1,0.0,599.1
MEM,T0813,3694.2,-0.0,-0.0,0.0,708.7,-0.0,-0.0,0.0,-0.0,1955.7,2075.0,-1.0,212.1,0.0,599.1
MEM,T0814,3694.2,-0.0,-0.0,0.0,708.8,-0.0,-0.0,0.0,-0.0,1955.7,2075.0,-1.0,212.1,0.0,599.1
MEM,T0815,3694.2,-0.0,-0.0,0.0,709.2,-0.0,-0.0,0.0,-0.0,1955.7,2075.1,-1.0,212.1,0.0,599.1
MEM,T0816,3694.2,-0.0,-0.0,0.0,708.7,-0.0,-0.0,0.0,-0.0,1955.7,2075.1,-1.0,212.1,0.0,599.1
MEM,T0817,3694.2,-0.0,-0.0,0.0,708.7,-0.0,-0.0,0.0,-0.0,1955.7,2075.1,-1.0,212.1,0.0,599.1
MEM,T0818,3694.2,-0.0,-0.0,0.0,708.1,-0.0,-0.0,0.0,-0.0,1955.7,2075.8,-1.0,212.1,0.0,599.1
MEM,T0819,3694.2,-0.0,-0.0,0.0,707.9,-0.0,-0.0,0.0,-0.0,1955.7,2075.8,-1.0,212.1,0.0,599.1
MEM,T0820,3694.2,-0.0,-0.0,0.0,707.8,-0.0,-0.0,0.0,-0.0,1955.7,2075.8,-1.0,212.1,0.0,599.1
MEM,T0821,3694.2,-0.0,-0.0,0.0,707.9,-0.0,-0.0,0.0,-0.0,1955.7,2075.8,-1.0,212.1,0.0,599.1
MEM,T0822,3694.2,-0.0,-0.0,0.0,708.5,-0.0,-0.0,0.0,-0.0,1955.7,2075.8,-1.0,212.1,0.0,599.1
MEM,T0823,3694.2,-0.0,-0.0,0.0,708.4,-0.0,-0.0,0.0,-0.0,1955.7,2075.8,-1.0,212.1,0.0,599.1
MEM,T0824,3694.2,-0.0,-0.0,0.0,708.0,-0.0,-0.0,0.0,-0.0,1955.7,2075.9,-1.0,212.1,0.0,599.1
MEM,T0825,3694.2,-0.0,-0.0,0.0,708.5,-0.0,-0.0,0.0,-0.0,1955.7,2075.9,-1.0,212.1,0.0,599.1
MEM,T0826,3694.2,-0.0,-0.0,0.0,708.1,-0.0,-0.0,0.0,-0.0,1955.8,2075.9,-1.0,212.1,0.0,599.1
MEM,T0827,3694.2,-0.0,-0.0,0.0,708.1,-0.0,-0.0,0.0,-0.0,1955.8,2075.9,-1.0,212.1,0.0,599.1
MEM,T0828,3694.2,-0.0,-0.0,0.0,708.0,-0.0,-0.0,0.0,-0.0,1955.8,2075.9,-1.0,212.1,0.0,599.1
MEM,T0829,3694.2,-0.0,-0.0,0.0,708.5,-0.0,-0.0,0.0,-0.0,1955.8,2075.9,-1.0,212.1,0.0,599.1
MEM,T0830,3694.2,-0.0,-0.0,0.0,708.0,-0.0,-0.0,0.0,-0.0,1955.8,2075.9,-1.0,212.1,0.0,599.1
MEM,T0831,3694.2,-0.0,-0.0,0.0,707.9,-0.0,-0.0,0.0,-0.0,1955.8,2075.9,-1.0,212.1,0.0,599.1
MEM,T0832,3694.2,-0.0,-0.0,0.0,708.0,-0.0,-0.0,0.0,-0.0,1955.8,2076.0,-1.0,212.1,0.0,599.1
MEM,T0833,3694.2,-0.0,-0.0,0.0,708.0,-0.0,-0.0,0.0,-0.0,1955.8,2076.0,-1.0,212.1,0.0,599.1
MEM,T0834,3694.2,-0.0,-0.0,0.0,708.0,-0.0,-0.0,0.0,-0.0,1955.8,2076.0,-1.0,212.1,0.0,599.2
MEM,T0835,3694.2,-0.0,-0.0,0.0,708.4,-0.0,-0.0,0.0,-0.0,1955.8,2075.8,-1.0,212.1,0.0,599.1
MEM,T0836,3694.2,-0.0,-0.0,0.0,708.1,-0.0,-0.0,0.0,-0.0,1955.8,2075.8,-1.0,212.1,0.0,599.1
MEM,T0837,3694.2,-0.0,-0.0,0.0,708.1,-0.0,-0.0,0.0,-0.0,1955.8,2075.8,-1.0,212.1,0.0,599.1
MEM,T0838,3694.2,-0.0,-0.0,0.0,708.2,-0.0,-0.0,0.0,-0.0,1955.8,2075.8,-1.0,212.1,0.0,599.1
MEM,T0839,3694.2,-0.0,-0.0,0.0,708.7,-0.0,-0.0,0.0,-0.0,1955.8,2075.8,-1.0,212.1,0.0,599.1
MEM,T0840,3694.2,-0.0,-0.0,0.0,708.2,-0.0,-0.0,0.0,-0.0,1955.9,2075.8,-1.0,212.1,0.0,599.1
MEM,T0841,3694.2,-0.0,-0.0,0.0,708.2,-0.0,-0.0,0.0,-0.0,1955.9,2075.8,-1.0,212.1,0.0,599.1
MEM,T0842,3694.2,-0.0,-0.0,0.0,708.5,-0.0,-0.0,0.0,-0.0,1955.9,2075.8,-1.0,212.1,0.0,599.1
MEM,T0843,3694.2,-0.0,-0.0,0.0,708.7,-0.0,-0.0,0.0,-0.0,1955.9,2075.8,-1.0,212.1,0.0,599.1
MEM,T0844,3694.2,-0.0,-0.0,0.0,708.3,-0.0,-0.0,0.0,-0.0,1955.9,2075.8,-1.0,212.1,0.0,599.1
MEM,T0845,3694.2,-0.0,-0.0,0.0,707.8,-0.0,-0.0,0.0,-0.0,1955.9,2075.9,-1.0,212.1,0.0,599.2
MEM,T0846,3694.2,-0.0,-0.0,0.0,707.8,-0.0,-0.0,0.0,-0.0,1955.9,2075.9,-1.0,212.1,0.0,599.2
MEM,T0847,3694.2,-0.0,-0.0,0.0,707.8,-0.0,-0.0,0.0,-0.0,1955.9,2076.3,-1.0,212.1,0.0,599.2
MEM,T0848,3694.2,-0.0,-0.0,0.0,707.3,-0.0,-0.0,0.0,-0.0,1955.9,2076.4,-1.0,212.1,0.0,599.2
MEM,T0849,3694.2,-0.0,-0.0,0.0,707.0,-0.0,-0.0,0.0,-0.0,1955.9,2076.4,-1.0,212.1,0.0,599.2
MEM,T0850,3694.2,-0.0,-0.0,0.0,707.0,-0.0,-0.0,0.0,-0.0,1956.0,2076.4,-1.0,212.1,0.0,599.2
MEM,T0851,3694.2,-0.0,-0.0,0.0,707.1,-0.0,-0.0,0.0,-0.0,1956.0,2076.4,-1.0,212.1,0.0,599.2
MEM,T0852,3694.2,-0.0,-0.0,0.0,707.2,-0.0,-0.0,0.0,-0.0,1956.0,2076.4,-1.0,212.1,0.0,599.2
MEM,T0853,3694.2,-0.0,-0.0,0.0,707.7,-0.0,-0.0,0.0,-0.0,1956.0,2076.4,-1.0,212.1,0.0,599.2
MEM,T0854,3694.2,-0.0,-0.0,0.0,707.4,-0.0,-0.0,0.0,-0.0,1956.0,2076.4,-1.0,212.1,0.0,599.2
MEM,T0855,3694.2,-0.0,-0.0,0.0,707.5,-0.0,-0.0,0.0,-0.0,1956.0,2076.4,-1.0,212.1,0.0,599.2
MEM,T0856,3694.2,-0.0,-0.0,0.0,707.1,-0.0,-0.0,0.0,-0.0,1956.0,2076.4,-1.0,212.1,0.0,599.2
MEM,T0857,3694.2,-0.0,-0.0,0.0,707.2,-0.0,-0.0,0.0,-0.0,1956.0,2076.4,-1.0,212.1,0.0,599.2
MEM,T0858,3694.2,-0.0,-0.0,0.0,707.2,-0.0,-0.0,0.0,-0.0,1956.0,2076.4,-1.0,212.1,0.0,599.2
MEM,T0859,3694.2,-0.0,-0.0,0.0,707.5,-0.0,-0.0,0.0,-0.0,1956.0,2076.3,-1.0,212.1,0.0,599.2
MEM,T0860,3694.2,-0.0,-0.0,0.0,707.2,-0.0,-0.0,0.0,-0.0,1956.0,2076.4,-1.0,212.1,0.0,599.2
MEM,T0861,3694.2,-0.0,-0.0,0.0,707.2,-0.0,-0.0,0.0,-0.0,1956.0,2076.4,-1.0,212.1,0.0,599.2
MEM,T0862,3694.2,-0.0,-0.0,0.0,707.2,-0.0,-0.0,0.0,-0.0,1956.0,2076.4,-1.0,212.1,0.0,599.2
MEM,T0863,3694.2,-0.0,-0.0,0.0,706.2,-0.0,-0.0,0.0,-0.0,1956.0,2077.3,-1.0,212.1,0.0,599.2
MEM,T0864,3694.2,-0.0,-0.0,0.0,707.2,-0.0,-0.0,0.0,-0.0,1956.1,2076.4,-1.0,212.1,0.0,599.2
MEM,T0865,3694.2,-0.0,-0.0,0.0,707.2,-0.0,-0.0,0.0,-0.0,1956.1,2076.4,-1.0,212.1,0.0,599.2
MEM,T0866,3694.2,-0.0,-0.0,0.0,707.3,-0.0,-0.0,0.0,-0.0,1956.1,2076.4,-1.0,212.1,0.0,599.2
MEM,T0867,3694.2,-0.0,-0.0,0.0,707.8,-0.0,-0.0,0.0,-0.0,1956.1,2076.4,-1.0,212.1,0.0,599.2
MEM,T0868,3694.2,-0.0,-0.0,0.0,707.3,-0.0,-0.0,0.0,-0.0,1956.1,2076.5,-1.0,212.1,0.0,599.2
MEM,T0869,3694.2,-0.0,-0.0,0.0,707.7,-0.0,-0.0,0.0,-0.0,1956.1,2076.5,-1.0,212.1,0.0,599.2
MEM,T0870,3694.2,-0.0,-0.0,0.0,707.1,-0.0,-0.0,0.0,-0.0,1956.1,2076.5,-1.0,212.1,0.0,599.2
MEM,T0871,3694.2,-0.0,-0.0,0.0,707.5,-0.0,-0.0,0.0,-0.0,1956.1,2076.0,-1.0,212.1,0.0,599.2
MEM,T0872,3694.2,-0.0,-0.0,0.0,707.6,-0.0,-0.0,0.0,-0.0,1956.1,2076.0,-1.0,212.1,0.0,599.2
MEM,T0873,3694.2,-0.0,-0.0,0.0,708.0,-0.0,-0.0,0.0,-0.0,1956.1,2076.1,-1.0,212.1,0.0,599.2
MEM,T0874,3694.2,-0.0,-0.0,0.0,707.6,-0.0,-0.0,0.0,-0.0,1956.1,2076.1,-1.0,212.1,0.0,599.2
MEM,T0875,3694.2,-0.0,-0.0,0.0,707.7,-0.0,-0.0,0.0,-0.0,1956.1,2076.1,-1.0,212.1,0.0,599.2
MEM,T0876,3694.2,-0.0,-0.0,0.0,707.6,-0.0,-0.0,0.0,-0.0,1956.1,2076.1,-1.0,212.1,0.0,599.2
MEM,T0877,3694.2,-0.0,-0.0,0.0,707.6,-0.0,-0.0,0.0,-0.0,1956.1,2076.1,-1.0,212.1,0.0,599.2
MEM,T0878,3694.2,-0.0,-0.0,0.0,707.5,-0.0,-0.0,0.0,-0.0,1956.2,2076.4,-1.0,212.1,0.0,599.2
MEM,T0879,3694.2,-0.0,-0.0,0.0,707.6,-0.0,-0.0,0.0,-0.0,1956.2,2076.5,-1.0,212.1,0.0,599.2
MEM,T0880,3694.2,-0.0,-0.0,0.0,707.5,-0.0,-0.0,0.0,-0.0,1956.2,2076.5,-1.0,212.1,0.0,599.2
MEM,T0881,3694.2,-0.0,-0.0,0.0,707.6,-0.0,-0.0,0.0,-0.0,1956.2,2076.5,-1.0,212.1,0.0,599.2
MEM,T0882,3694.2,-0.0,-0.0,0.0,707.1,-0.0,-0.0,0.0,-0.0,1956.2,2076.5,-1.0,212.1,0.0,599.2
MEM,T0883,3694.2,-0.0,-0.0,0.0,707.5,-0.0,-0.0,0.0,-0.0,1956.2,2076.3,-1.0,212.1,0.0,599.2
MEM,T0884,3694.2,-0.0,-0.0,0.0,707.3,-0.0,-0.0,0.0,-0.0,1956.2,2076.5,-1.0,212.1,0.0,599.2
MEM,T0885,3694.2,-0.0,-0.0,0.0,707.4,-0.0,-0.0,0.0,-0.0,1956.2,2076.5,-1.0,212.1,0.0,599.2
MEM,T0886,3694.2,-0.0,-0.0,0.0,707.3,-0.0,-0.0,0.0,-0.0,1956.2,2076.5,-1.0,212.1,0.0,599.2
MEM,T0887,3694.2,-0.0,-0.0,0.0,705.6,-0.0,-0.0,0.0,-0.0,1956.2,2077.5,-1.0,212.1,0.0,599.2
MEM,T0888,3694.2,-0.0,-0.0,0.0,707.2,-0.0,-0.0,0.0,-0.0,1956.2,2076.5,-1.0,212.1,0.0,599.2
MEM,T0889,3694.2,-0.0,-0.0,0.0,707.1,-0.0,-0.0,0.0,-0.0,1956.2,2076.5,-1.0,212.1,0.0,599.2
MEM,T0890,3694.2,-0.0,-0.0,0.0,707.1,-0.0,-0.0,0.0,-0.0,1956.2,2076.5,-1.0,212.1,0.0,599.2
MEM,T0891,3694.2,-0.0,-0.0,0.0,706.9,-0.0,-0.0,0.0,-0.0,1956.2,2076.6,-1.0,212.1,0.0,599.2
MEM,T0892,3694.2,-0.0,-0.0,0.0,707.1,-0.0,-0.0,0.0,-0.0,1956.3,2076.5,-1.0,212.1,0.0,599.2
MEM,T0893,3694.2,-0.0,-0.0,0.0,707.0,-0.0,-0.0,0.0,-0.0,1956.3,2076.7,-1.0,212.1,0.0,599.2
MEM,T0894,3694.2,-0.0,-0.0,0.0,707.2,-0.0,-0.0,0.0,-0.0,1956.3,2076.6,-1.0,212.1,0.0,599.2
MEM,T0895,3694.2,-0.0,-0.0,0.0,707.2,-0.0,-0.0,0.0,-0.0,1956.3,2076.7,-1.0,212.1,0.0,599.2
MEM,T0896,3694.2,-0.0,-0.0,0.0,707.1,-0.0,-0.0,0.0,-0.0,1956.3,2076.7,-1.0,212.1,0.0,599.2
MEM,T0897,3694.2,-0.0,-0.0,0.0,706.8,-0.0,-0.0,0.0,-0.0,1956.3,2076.7,-1.0,212.1,0.0,599.2
MEM,T0898,3694.2,-0.0,-0.0,0.0,706.8,-0.0,-0.0,0.0,-0.0,1956.3,2076.7,-1.0,212.1,0.0,599.2
MEM,T0899,3694.2,-0.0,-0.0,0.0,706.6,-0.0,-0.0,0.0,-0.0,1956.3,2076.8,-1.0,212.1,0.0,599.2
MEM,T0900,3694.2,-0.0,-0.0,0.0,706.8,-0.0,-0.0,0.0,-0.0,1956.3,2076.7,-1.0,212.1,0.0,599.2
MEM,T0901,3694.2,-0.0,-0.0,0.0,706.6,-0.0,-0.0,0.0,-0.0,1956.3,2077.0,-1.0,212.1,0.0,599.2
MEM,T0902,3694.2,-0.0,-0.0,0.0,706.4,-0.0,-0.0,0.0,-0.0,1956.3,2076.8,-1.0,212.1,0.0,599.2
MEM,T0903,3694.2,-0.0,-0.0,0.0,706.4,-0.0,-0.0,0.0,-0.0,1956.3,2077.0,-1.0,212.1,0.0,599.2
MEM,T0904,3694.2,-0.0,-0.0,0.0,706.6,-0.0,-0.0,0.0,-0.0,1956.3,2076.9,-1.0,212.1,0.0,599.2
MEM,T0905,3694.2,-0.0,-0.0,0.0,706.6,-0.0,-0.0,0.0,-0.0,1956.4,2077.0,-1.0,212.1,0.0,599.2
MEM,T0906,3694.2,-0.0,-0.0,0.0,706.7,-0.0,-0.0,0.0,-0.0,1956.4,2076.8,-1.0,212.1,0.0,599.2
MEM,T0907,3694.2,-0.0,-0.0,0.0,707.0,-0.0,-0.0,0.0,-0.0,1956.4,2076.9,-1.0,212.1,0.0,599.2
MEM,T0908,3694.2,-0.0,-0.0,0.0,707.2,-0.0,-0.0,0.0,-0.0,1956.4,2076.8,-1.0,212.1,0.0,599.2
MEM,T0909,3694.2,-0.0,-0.0,0.0,706.8,-0.0,-0.0,0.0,-0.0,1956.4,2076.9,-1.0,212.1,0.0,599.2
MEM,T0910,3694.2,-0.0,-0.0,0.0,707.0,-0.0,-0.0,0.0,-0.0,1956.4,2076.8,-1.0,212.1,0.0,599.2
MEM,T0911,3694.2,-0.0,-0.0,0.0,706.9,-0.0,-0.0,0.0,-0.0,1956.4,2076.8,-1.0,212.1,0.0,599.2
MEM,T0912,3694.2,-0.0,-0.0,0.0,707.0,-0.0,-0.0,0.0,-0.0,1956.4,2076.8,-1.0,212.1,0.0,599.2
MEM,T0913,3694.2,-0.0,-0.0,0.0,706.9,-0.0,-0.0,0.0,-0.0,1956.4,2076.8,-1.0,212.1,0.0,599.2
MEM,T0914,3694.2,-0.0,-0.0,0.0,706.7,-0.0,-0.0,0.0,-0.0,1956.4,2076.8,-1.0,212.1,0.0,599.2
MEM,T0915,3694.2,-0.0,-0.0,0.0,706.9,-0.0,-0.0,0.0,-0.0,1956.4,2076.8,-1.0,212.1,0.0,599.2
MEM,T0916,3694.2,-0.0,-0.0,0.0,707.1,-0.0,-0.0,0.0,-0.0,1956.4,2076.9,-1.0,212.1,0.0,599.2
MEM,T0917,3694.2,-0.0,-0.0,0.0,706.8,-0.0,-0.0,0.0,-0.0,1956.4,2076.9,-1.0,212.1,0.0,599.2
MEM,T0918,3694.2,-0.0,-0.0,0.0,706.9,-0.0,-0.0,0.0,-0.0,1956.5,2076.9,-1.0,212.1,0.0,599.2
MEM,T0919,3694.2,-0.0,-0.0,0.0,707.2,-0.0,-0.0,0.0,-0.0,1956.5,2076.5,-1.0,212.1,0.0,599.2
MEM,T0920,3694.2,-0.0,-0.0,0.0,707.7,-0.0,-0.0,0.0,-0.0,1956.5,2076.0,-1.0,212.1,0.0,599.2
MEM,T0921,3694.2,-0.0,-0.0,0.0,707.7,-0.0,-0.0,0.0,-0.0,1956.5,2076.0,-1.0,212.1,0.0,599.2
MEM,T0922,3694.2,-0.0,-0.0,0.0,707.6,-0.0,-0.0,0.0,-0.0,1956.5,2076.0,-1.0,212.1,0.0,599.2
MEM,T0923,3694.2,-0.0,-0.0,0.0,707.5,-0.0,-0.0,0.0,-0.0,1956.5,2076.0,-1.0,212.1,0.0,599.2
MEM,T0924,3694.2,-0.0,-0.0,0.0,707.7,-0.0,-0.0,0.0,-0.0,1956.5,2076.0,-1.0,212.1,0.0,599.2
MEM,T0925,3694.2,-0.0,-0.0,0.0,707.7,-0.0,-0.0,0.0,-0.0,1956.5,2076.1,-1.0,212.1,0.0,599.2
MEM,T0926,3694.2,-0.0,-0.0,0.0,707.9,-0.0,-0.0,0.0,-0.0,1956.5,2076.1,-1.0,212.1,0.0,599.2
MEM,T0927,3694.2,-0.0,-0.0,0.0,708.2,-0.0,-0.0,0.0,-0.0,1956.5,2076.1,-1.0,212.1,0.0,599.2
MEM,T0928,3694.2,-0.0,-0.0,0.0,707.7,-0.0,-0.0,0.0,-0.0,1956.5,2076.1,-1.0,212.1,0.0,599.2
MEM,T0929,3694.2,-0.0,-0.0,0.0,707.6,-0.0,-0.0,0.0,-0.0,1956.5,2076.2,-1.0,212.1,0.0,599.2
MEM,T0930,3694.2,-0.0,-0.0,0.0,707.5,-0.0,-0.0,0.0,-0.0,1956.5,2076.3,-1.0,212.1,0.0,599.2
MEM,T0931,3694.2,-0.0,-0.0,0.0,707.9,-0.0,-0.0,0.0,-0.0,1956.5,2076.2,-1.0,212.1,0.0,599.2
MEM,T0932,3694.2,-0.0,-0.0,0.0,707.7,-0.0,-0.0,0.0,-0.0,1956.6,2076.3,-1.0,212.1,0.0,599.2
MEM,T0933,3694.2,-0.0,-0.0,0.0,707.7,-0.0,-0.0,0.0,-0.0,1956.6,2076.3,-1.0,212.1,0.0,599.2
MEM,T0934,3694.2,-0.0,-0.0,0.0,707.2,-0.0,-0.0,0.0,-0.0,1956.6,2076.3,-1.0,212.1,0.0,599.2
MEM,T0935,3694.2,-0.0,-0.0,0.0,707.3,-0.0,-0.0,0.0,-0.0,1956.6,2076.3,-1.0,212.1,0.0,599.2
MEM,T0936,3694.2,-0.0,-0.0,0.0,707.5,-0.0,-0.0,0.0,-0.0,1956.6,2076.3,-1.0,212.1,0.0,599.2
MEM,T0937,3694.2,-0.0,-0.0,0.0,707.5,-0.0,-0.0,0.0,-0.0,1956.6,2076.4,-1.0,212.1,0.0,599.2
MEM,T0938,3694.2,-0.0,-0.0,0.0,707.3,-0.0,-0.0,0.0,-0.0,1956.6,2076.4,-1.0,212.1,0.0,599.2
MEM,T0939,3694.2,-0.0,-0.0,0.0,706.6,-0.0,-0.0,0.0,-0.0,1956.6,2077.1,-1.0,212.1,0.0,599.2
MEM,T0940,3694.2,-0.0,-0.0,0.0,706.5,-0.0,-0.0,0.0,-0.0,1956.6,2077.1,-1.0,212.1,0.0,599.2
MEM,T0941,3694.2,-0.0,-0.0,0.0,706.7,-0.0,-0.0,0.0,-0.0,1956.6,2077.2,-1.0,212.1,0.0,599.2
MEM,T0942,3694.2,-0.0,-0.0,0.0,706.7,-0.0,-0.0,0.0,-0.0,1956.6,2077.2,-1.0,212.1,0.0,599.2
MEM,T0943,3694.2,-0.0,-0.0,0.0,706.6,-0.0,-0.0,0.0,-0.0,1956.6,2077.2,-1.0,212.1,0.0,599.2
MEM,T0944,3694.2,-0.0,-0.0,0.0,706.6,-0.0,-0.0,0.0,-0.0,1956.7,2077.2,-1.0,212.1,0.0,599.2
MEM,T0945,3694.2,-0.0,-0.0,0.0,706.7,-0.0,-0.0,0.0,-0.0,1956.7,2077.2,-1.0,212.1,0.0,599.2
MEM,T0946,3694.2,-0.0,-0.0,0.0,706.6,-0.0,-0.0,0.0,-0.0,1956.7,2077.2,-1.0,212.1,0.0,599.2
MEM,T0947,3694.2,-0.0,-0.0,0.0,706.5,-0.0,-0.0,0.0,-0.0,1956.7,2077.2,-1.0,212.1,0.0,599.2
MEM,T0948,3694.2,-0.0,-0.0,0.0,706.5,-0.0,-0.0,0.0,-0.0,1956.7,2077.2,-1.0,212.1,0.0,599.2
MEM,T0949,3694.2,-0.0,-0.0,0.0,706.4,-0.0,-0.0,0.0,-0.0,1956.7,2077.2,-1.0,212.1,0.0,599.2
MEM,T0950,3694.2,-0.0,-0.0,0.0,706.4,-0.0,-0.0,0.0,-0.0,1956.7,2077.4,-1.0,212.1,0.0,599.2
MEM,T0951,3694.2,-0.0,-0.0,0.0,706.1,-0.0,-0.0,0.0,-0.0,1956.7,2077.4,-1.0,212.1,0.0,599.2
MEM,T0952,3694.2,-0.0,-0.0,0.0,706.2,-0.0,-0.0,0.0,-0.0,1956.7,2077.4,-1.0,212.1,0.0,599.2
MEM,T0953,3694.2,-0.0,-0.0,0.0,706.4,-0.0,-0.0,0.0,-0.0,1956.7,2077.6,-1.0,212.1,0.0,599.2
MEM,T0954,3694.2,-0.0,-0.0,0.0,706.0,-0.0,-0.0,0.0,-0.0,1956.7,2077.6,-1.0,212.1,0.0,599.2
MEM,T0955,3694.2,-0.0,-0.0,0.0,706.1,-0.0,-0.0,0.0,-0.0,1956.7,2077.6,-1.0,212.1,0.0,599.2
MEM,T0956,3694.2,-0.0,-0.0,0.0,706.6,-0.0,-0.0,0.0,-0.0,1956.7,2077.1,-1.0,212.1,0.0,599.2
MEM,T0957,3694.2,-0.0,-0.0,0.0,706.7,-0.0,-0.0,0.0,-0.0,1956.7,2077.1,-1.0,212.1,0.0,599.2
MEM,T0958,3694.2,-0.0,-0.0,0.0,706.5,-0.0,-0.0,0.0,-0.0,1956.8,2077.1,-1.0,212.1,0.0,599.2
MEM,T0959,3694.2,-0.0,-0.0,0.0,706.5,-0.0,-0.0,0.0,-0.0,1956.8,2077.1,-1.0,212.1,0.0,599.2
MEM,T0960,3694.2,-0.0,-0.0,0.0,706.5,-0.0,-0.0,0.0,-0.0,1956.8,2077.1,-1.0,212.1,0.0,599.2
MEM,T0961,3694.2,-0.0,-0.0,0.0,706.4,-0.0,-0.0,0.0,-0.0,1956.8,2077.2,-1.0,212.1,0.0,599.2
MEM,T0962,3694.2,-0.0,-0.0,0.0,706.6,-0.0,-0.0,0.0,-0.0,1956.8,2077.2,-1.0,212.1,0.0,599.2
MEM,T0963,3694.2,-0.0,-0.0,0.0,707.0,-0.0,-0.0,0.0,-0.0,1956.8,2077.2,-1.0,212.1,0.0,599.2
MEM,T0964,3694.2,-0.0,-0.0,0.0,706.5,-0.0,-0.0,0.0,-0.0,1956.8,2077.2,-1.0,212.1,0.0,599.2
MEM,T0965,3694.2,-0.0,-0.0,0.0,706.5,-0.0,-0.0,0.0,-0.0,1956.8,2077.2,-1.0,212.1,0.0,599.1
MEM,T0966,3694.2,-0.0,-0.0,0.0,706.5,-0.0,-0.0,0.0,-0.0,1956.8,2077.2,-1.0,212.1,0.0,599.2
MEM,T0967,3694.2,-0.0,-0.0,0.0,707.6,-0.0,-0.0,0.0,-0.0,1956.8,2076.6,-1.0,212.1,0.0,599.2
MEM,T0968,3694.2,-0.0,-0.0,0.0,707.2,-0.0,-0.0,0.0,-0.0,1956.8,2076.6,-1.0,212.1,0.0,599.2
MEM,T0969,3694.2,-0.0,-0.0,0.0,707.3,-0.0,-0.0,0.0,-0.0,1956.8,2076.6,-1.0,212.1,0.0,599.2
MEM,T0970,3694.2,-0.0,-0.0,0.0,707.3,-0.0,-0.0,0.0,-0.0,1956.8,2076.6,-1.0,212.1,0.0,599.2
MEM,T0971,3694.2,-0.0,-0.0,0.0,707.2,-0.0,-0.0,0.0,-0.0,1956.8,2076.6,-1.0,212.1,0.0,599.2
MEM,T0972,3694.2,-0.0,-0.0,0.0,707.4,-0.0,-0.0,0.0,-0.0,1956.9,2076.5,-1.0,212.1,0.0,599.2
MEM,T0973,3694.2,-0.0,-0.0,0.0,707.2,-0.0,-0.0,0.0,-0.0,1956.9,2076.5,-1.0,212.1,0.0,599.2
MEM,T0974,3694.2,-0.0,-0.0,0.0,707.2,-0.0,-0.0,0.0,-0.0,1956.9,2076.5,-1.0,212.1,0.0,599.2
MEM,T0975,3694.2,-0.0,-0.0,0.0,707.6,-0.0,-0.0,0.0,-0.0,1956.9,2076.5,-1.0,212.1,0.0,599.2
MEM,T0976,3694.2,-0.0,-0.0,0.0,707.2,-0.0,-0.0,0.0,-0.0,1956.9,2076.5,-1.0,212.1,0.0,599.2
MEM,T0977,3694.2,-0.0,-0.0,0.0,707.6,-0.0,-0.0,0.0,-0.0,1956.9,2076.5,-1.0,212.1,0.0,599.2
MEM,T0978,3694.2,-0.0,-0.0,0.0,707.4,-0.0,-0.0,0.0,-0.0,1956.9,2076.5,-1.0,212.1,0.0,599.2
MEM,T0979,3694.2,-0.0,-0.0,0.0,707.1,-0.0,-0.0,0.0,-0.0,1956.9,2076.5,-1.0,212.1,0.0,599.1
MEM,T0980,3694.2,-0.0,-0.0,0.0,707.1,-0.0,-0.0,0.0,-0.0,1956.9,2076.4,-1.0,212.1,0.0,599.2
MEM,T0981,3694.2,-0.0,-0.0,0.0,707.2,-0.0,-0.0,0.0,-0.0,1956.9,2076.5,-1.0,212.1,0.0,599.2
MEM,T0982,3694.2,-0.0,-0.0,0.0,707.1,-0.0,-0.0,0.0,-0.0,1956.9,2076.5,-1.0,212.1,0.0,599.2
MEM,T0983,3694.2,-0.0,-0.0,0.0,707.2,-0.0,-0.0,0.0,-0.0,1956.9,2076.5,-1.0,212.1,0.0,599.2
MEM,T0984,3694.2,-0.0,-0.0,0.0,707.1,-0.0,-0.0,0.0,-0.0,1956.9,2076.5,-1.0,212.1,0.0,599.2
MEM,T0985,3694.2,-0.0,-0.0,0.0,707.0,-0.0,-0.0,0.0,-0.0,1956.9,2076.5,-1.0,212.1,0.0,599.2
MEM,T0986,3694.2,-0.0,-0.0,0.0,707.1,-0.0,-0.0,0.0,-0.0,1957.0,2076.5,-1.0,212.1,0.0,599.2
MEM,T0987,3694.2,-0.0,-0.0,0.0,707.1,-0.0,-0.0,0.0,-0.0,1957.0,2076.5,-1.0,212.1,0.0,599.2
MEM,T0988,3694.2,-0.0,-0.0,0.0,707.1,-0.0,-0.0,0.0,-0.0,1957.0,2076.5,-1.0,212.1,0.0,599.2
MEM,T0989,3694.2,-0.0,-0.0,0.0,707.4,-0.0,-0.0,0.0,-0.0,1957.0,2076.5,-1.0,212.1,0.0,599.2
MEM,T0990,3694.2,-0.0,-0.0,0.0,707.1,-0.0,-0.0,0.0,-0.0,1957.0,2076.5,-1.0,212.1,0.0,599.2
MEM,T0991,3694.2,-0.0,-0.0,0.0,707.6,-0.0,-0.0,0.0,-0.0,1957.0,2076.2,-1.0,212.1,0.0,599.2
MEM,T0992,3694.2,-0.0,-0.0,0.0,707.5,-0.0,-0.0,0.0,-0.0,1957.0,2076.2,-1.0,212.1,0.0,599.2
MEM,T0993,3694.2,-0.0,-0.0,0.0,707.4,-0.0,-0.0,0.0,-0.0,1957.0,2076.2,-1.0,212.1,0.0,599.2
MEM,T0994,3694.2,-0.0,-0.0,0.0,707.8,-0.0,-0.0,0.0,-0.0,1957.0,2076.2,-1.0,212.1,0.0,599.2
MEM,T0995,3694.2,-0.0,-0.0,0.0,707.7,-0.0,-0.0,0.0,-0.0,1957.0,2076.2,-1.0,212.1,0.0,599.2
MEM,T0996,3694.2,-0.0,-0.0,0.0,707.6,-0.0,-0.0,0.0,-0.0,1957.0,2076.3,-1.0,212.1,0.0,599.2
MEM,T0997,3694.2,-0.0,-0.0,0.0,707.5,-0.0,-0.0,0.0,-0.0,1957.1,2076.3,-1.0,212.1,0.0,599.2
MEM,T0998,3694.2,-0.0,-0.0,0.0,704.6,-0.0,-0.0,0.0,-0.0,1957.1,2079.2,-1.0,212.1,0.0,599.2
MEM,T0999,3694.2,-0.0,-0.0,0.0,704.3,-0.0,-0.0,0.0,-0.0,1957.1,2079.2,-1.0,212.1,0.0,599.2
MEM,T1000,3694.2,-0.0,-0.0,0.0,704.1,-0.0,-0.0,0.0,-0.0,1957.1,2079.3,-1.0,212.1,0.0,599.2
