NET,Network I/O VM-12-13-centos,eth0-read-KB/s,lo-read-KB/s,eth0-write-KB/s,lo-write-KB/s
NET,T0001,0.3,0.0,1.3,0.0
NET,T0002,0.5,0.0,1.5,0.0
NET,T0003,0.2,0.0,0.3,0.0
NET,T0004,0.4,0.0,0.9,0.0
NET,T0005,0.2,0.0,0.2,0.0
NET,T0006,0.4,0.0,0.8,0.0
NET,T0007,0.2,0.0,0.4,0.0
NET,T0008,0.7,0.0,1.2,0.0
NET,T0009,0.4,0.0,1.0,0.0
NET,T0010,0.4,0.0,0.9,0.0
NET,T0011,0.2,0.0,0.3,0.0
NET,T0012,0.4,0.0,0.8,0.0
NET,T0013,0.1,0.0,0.3,0.0
NET,T0014,0.4,0.0,0.8,0.0
NET,T0015,0.3,0.0,0.4,0.0
NET,T0016,0.4,0.0,0.8,0.0
NET,T0017,0.2,0.0,0.3,0.0
NET,T0018,0.4,0.0,0.8,0.0
NET,T0019,0.2,0.0,0.4,0.0
NET,T0020,0.7,0.0,1.2,0.0
NET,T0021,0.6,0.0,1.3,0.0
NET,T0022,0.3,0.0,0.8,0.0
NET,T0023,0.2,0.0,0.4,0.0
NET,T0024,0.4,0.0,1.1,0.0
NET,T0025,0.1,0.0,0.2,0.0
NET,T0026,0.4,0.0,0.8,0.0
NET,T0027,0.2,0.0,0.3,0.0
NET,T0028,0.4,0.0,0.9,0.0
NET,T0029,0.2,0.0,0.3,0.0
NET,T0030,0.4,0.0,1.0,0.0
NET,T0031,0.2,0.0,0.5,0.0
NET,T0032,0.7,0.0,1.5,0.0
NET,T0033,0.6,0.0,1.0,0.0
NET,T0034,0.4,0.0,0.8,0.0
NET,T0035,0.4,0.0,0.5,0.0
NET,T0036,0.4,0.0,0.9,0.0
NET,T0037,0.1,0.0,0.2,0.0
NET,T0038,0.7,0.0,1.2,0.0
NET,T0039,0.3,0.0,0.6,0.0
NET,T0040,0.4,0.0,0.8,0.0
NET,T0041,0.2,0.0,0.3,0.0
NET,T0042,0.4,0.0,0.8,0.0
NET,T0043,0.2,0.0,0.4,0.0
NET,T0044,0.7,0.0,1.2,0.0
NET,T0045,0.4,0.0,1.2,0.0
NET,T0046,0.3,0.0,0.8,0.0
NET,T0047,0.1,0.0,0.3,0.0
NET,T0048,0.4,0.0,0.9,0.0
NET,T0049,0.1,0.0,0.2,0.0
NET,T0050,0.4,0.0,0.8,0.0
NET,T0051,0.2,0.0,0.4,0.0
NET,T0052,0.3,0.0,0.8,0.0
NET,T0053,0.1,0.0,0.2,0.0
NET,T0054,0.4,0.0,0.9,0.0
NET,T0055,0.2,0.0,0.4,0.0
NET,T0056,0.7,0.0,1.2,0.0
NET,T0057,0.4,0.0,1.1,0.0
NET,T0058,0.4,0.0,0.8,0.0
NET,T0059,0.2,0.0,0.5,0.0
NET,T0060,0.4,0.0,0.9,0.0
NET,T0061,0.1,0.0,0.2,0.0
NET,T0062,0.4,0.0,0.8,0.0
NET,T0063,0.3,0.0,0.3,0.0
NET,T0064,0.4,0.0,0.8,0.0
NET,T0065,0.1,0.0,0.2,0.0
NET,T0066,0.4,0.0,0.9,0.0
NET,T0067,0.1,0.0,0.4,0.0
NET,T0068,0.7,0.0,1.2,0.0
NET,T0069,0.4,0.0,1.1,0.0
NET,T0070,0.4,0.0,0.8,0.0
NET,T0071,0.1,0.0,0.3,0.0
NET,T0072,0.4,0.0,0.9,0.0
NET,T0073,0.4,0.0,0.6,0.0
NET,T0074,0.5,0.0,0.9,0.0
NET,T0075,0.3,0.0,0.4,0.0
NET,T0076,0.4,0.0,0.8,0.0
NET,T0077,0.2,0.0,0.2,0.0
NET,T0078,0.4,0.0,1.0,0.0
NET,T0079,0.2,0.0,0.3,0.0
NET,T0080,0.7,0.0,1.4,0.0
NET,T0081,0.4,0.0,0.7,0.0
NET,T0082,0.3,0.0,0.8,0.0
NET,T0083,0.2,0.0,0.3,0.0
NET,T0084,0.4,0.0,0.8,0.0
NET,T0085,0.2,0.0,0.3,0.0
NET,T0086,0.4,0.0,0.8,0.0
NET,T0087,0.7,0.0,0.7,0.0
NET,T0088,0.5,0.0,1.2,0.0
NET,T0089,0.2,0.0,0.3,0.0
NET,T0090,0.5,0.0,1.4,0.0
NET,T0091,0.2,0.0,0.3,0.0
NET,T0092,0.7,0.0,1.5,0.0
NET,T0093,0.4,0.0,0.8,0.0
NET,T0094,0.6,0.0,1.1,0.0
NET,T0095,0.4,0.0,0.7,0.0
NET,T0096,0.4,0.0,0.9,0.0
NET,T0097,0.2,0.0,0.3,0.0
NET,T0098,0.4,0.0,0.8,0.0
NET,T0099,0.2,0.0,0.4,0.0
NET,T0100,1.7,0.0,1.2,0.0
NET,T0101,0.2,0.0,0.6,0.0
NET,T0102,0.4,0.0,1.0,0.0
NET,T0103,0.2,0.0,0.3,0.0
NET,T0104,0.7,0.0,1.2,0.0
NET,T0105,0.4,0.0,1.0,0.0
NET,T0106,0.3,0.0,0.8,0.0
NET,T0107,0.2,0.0,0.3,0.0
NET,T0108,0.4,0.0,0.8,0.0
NET,T0109,0.2,0.0,0.3,0.0
NET,T0110,0.4,0.0,0.8,0.0
NET,T0111,0.2,0.0,0.4,0.0
NET,T0112,0.3,0.0,0.8,0.0
NET,T0113,0.1,0.0,0.2,0.0
NET,T0114,0.4,0.0,1.0,0.0
NET,T0115,0.1,0.0,0.2,0.0
NET,T0116,0.8,0.0,1.3,0.0
NET,T0117,0.4,0.0,1.1,0.0
NET,T0118,0.4,0.0,0.8,0.0
NET,T0119,0.2,0.0,0.3,0.0
NET,T0120,0.4,0.0,0.8,0.0
NET,T0121,2.5,0.0,1.2,0.0
NET,T0122,0.4,0.0,1.0,0.0
NET,T0123,0.2,0.0,0.3,0.0
NET,T0124,0.3,0.0,0.8,0.0
NET,T0125,0.2,0.0,0.2,0.0
NET,T0126,0.4,0.0,1.0,0.0
NET,T0127,0.1,0.0,0.2,0.0
NET,T0128,0.8,0.0,1.7,0.0
NET,T0129,0.4,0.0,0.7,0.0
NET,T0130,0.4,0.0,0.8,0.0
NET,T0131,0.2,0.0,0.6,0.0
NET,T0132,0.4,0.0,0.8,0.0
NET,T0133,0.2,0.0,0.2,0.0
NET,T0134,0.4,0.0,0.9,0.0
NET,T0135,0.2,0.0,0.3,0.0
NET,T0136,0.4,0.0,0.8,0.0
NET,T0137,0.2,0.0,0.2,0.0
NET,T0138,0.4,0.0,1.0,0.0
NET,T0139,1.3,0.0,0.8,0.0
NET,T0140,0.8,0.0,1.5,0.0
NET,T0141,0.4,0.0,0.8,0.0
NET,T0142,0.4,0.0,0.8,0.0
NET,T0143,0.2,0.0,0.3,0.0
NET,T0144,0.3,0.0,0.8,0.0
NET,T0145,0.1,0.0,0.2,0.0
NET,T0146,0.4,0.0,0.8,0.0
NET,T0147,0.3,0.0,0.5,0.0
NET,T0148,0.4,0.0,0.8,0.0
NET,T0149,0.2,0.0,0.2,0.0
NET,T0150,0.4,0.0,1.3,0.0
NET,T0151,0.1,0.0,0.2,0.0
NET,T0152,0.8,0.0,1.7,0.0
NET,T0153,0.6,0.0,1.0,0.0
NET,T0154,0.4,0.0,0.8,0.0
NET,T0155,0.6,0.0,0.6,0.0
NET,T0156,0.4,0.0,0.9,0.0
NET,T0157,0.1,0.0,0.2,0.0
NET,T0158,0.4,0.0,0.8,0.0
NET,T0159,0.3,0.0,0.4,0.0
NET,T0160,0.4,0.0,0.8,0.0
NET,T0161,0.2,0.0,0.2,0.0
NET,T0162,0.4,0.0,1.1,0.0
NET,T0163,0.1,0.0,0.2,0.0
NET,T0164,0.7,0.0,1.4,0.0
NET,T0165,0.4,0.0,0.8,0.0
NET,T0166,0.4,0.0,0.8,0.0
NET,T0167,0.2,0.0,0.6,0.0
NET,T0168,0.4,0.0,0.8,0.0
NET,T0169,0.1,0.0,0.2,0.0
NET,T0170,0.4,0.0,0.8,0.0
NET,T0171,0.3,0.0,0.4,0.0
NET,T0172,0.4,0.0,0.8,0.0
NET,T0173,0.2,0.0,0.2,0.0
NET,T0174,0.4,0.0,0.8,0.0
NET,T0175,0.2,0.0,0.4,0.0
NET,T0176,0.7,0.0,1.2,0.0
NET,T0177,0.4,0.0,0.9,0.0
NET,T0178,0.4,0.0,0.9,0.0
NET,T0179,0.1,0.0,0.3,0.0
NET,T0180,0.4,0.0,0.8,0.0
NET,T0181,0.2,0.0,0.2,0.0
NET,T0182,0.3,0.0,0.7,0.0
NET,T0183,0.4,0.0,0.5,0.0
NET,T0184,0.4,0.0,0.8,0.0
NET,T0185,0.3,0.0,0.4,0.0
NET,T0186,1.3,0.0,2.3,0.0
NET,T0187,0.4,0.0,1.0,0.0
NET,T0188,593.5,0.0,8.0,0.0
NET,T0189,1.1,0.0,1.4,0.0
NET,T0190,0.5,0.0,1.0,0.0
NET,T0191,0.2,0.0,0.6,0.0
NET,T0192,0.4,0.0,0.9,0.0
NET,T0193,0.1,0.0,0.2,0.0
NET,T0194,0.4,0.0,0.8,0.0
NET,T0195,0.3,0.0,0.4,0.0
NET,T0196,0.4,0.0,0.8,0.0
NET,T0197,0.2,0.0,0.3,0.0
NET,T0198,0.4,0.0,0.8,0.0
NET,T0199,0.2,0.0,0.2,0.0
NET,T0200,0.8,0.0,1.7,0.0
NET,T0201,0.4,0.0,0.8,0.0
NET,T0202,0.3,0.0,0.8,0.0
NET,T0203,0.2,0.0,0.7,0.0
NET,T0204,0.4,0.0,0.8,0.0
NET,T0205,0.1,0.0,0.2,0.0
NET,T0206,0.4,0.0,0.8,0.0
NET,T0207,0.3,0.0,0.4,0.0
NET,T0208,0.3,0.0,0.8,0.0
NET,T0209,0.2,0.0,0.3,0.0
NET,T0210,0.4,0.0,1.3,0.0
NET,T0211,0.2,0.0,0.3,0.0
NET,T0212,0.7,0.0,1.2,0.0
NET,T0213,0.4,0.0,1.0,0.0
NET,T0214,0.4,0.0,0.8,0.0
NET,T0215,0.5,0.0,0.7,0.0
NET,T0216,0.5,0.0,0.9,0.0
NET,T0217,0.1,0.0,0.3,0.0
NET,T0218,0.4,0.0,0.8,0.0
NET,T0219,0.4,0.0,0.5,0.0
NET,T0220,1.7,0.0,1.2,0.0
NET,T0221,0.2,0.0,0.7,0.0
NET,T0222,0.4,0.0,0.8,0.0
NET,T0223,0.1,0.0,0.4,0.0
NET,T0224,0.7,0.0,1.2,0.0
NET,T0225,0.4,0.0,1.1,0.0
NET,T0226,0.3,0.0,0.8,0.0
NET,T0227,0.2,0.0,0.4,0.0
NET,T0228,0.4,0.0,0.8,0.0
NET,T0229,0.1,0.0,0.2,0.0
NET,T0230,0.4,0.0,0.8,0.0
NET,T0231,0.3,0.0,0.4,0.0
NET,T0232,0.4,0.0,0.8,0.0
NET,T0233,0.3,0.0,0.4,0.0
NET,T0234,0.4,0.0,0.9,0.0
NET,T0235,0.2,0.0,0.4,0.0
NET,T0236,0.7,0.0,1.5,0.0
NET,T0237,0.4,0.0,0.8,0.0
NET,T0238,0.3,0.0,0.8,0.0
NET,T0239,0.2,0.0,0.6,0.0
NET,T0240,0.4,0.0,0.9,0.0
NET,T0241,0.1,0.0,0.2,0.0
NET,T0242,0.4,0.0,0.8,0.0
NET,T0243,0.3,0.0,0.4,0.0
NET,T0244,0.7,0.0,1.1,0.0
NET,T0245,0.2,0.0,0.4,0.0
NET,T0246,0.4,0.0,1.1,0.0
NET,T0247,0.2,0.0,0.2,0.0
NET,T0248,0.7,0.0,1.5,0.0
NET,T0249,0.4,0.0,0.8,0.0
NET,T0250,0.3,0.0,0.8,0.0
NET,T0251,0.1,0.0,0.3,0.0
NET,T0252,0.4,0.0,0.9,0.0
NET,T0253,0.1,0.0,0.2,0.0
NET,T0254,0.3,0.0,0.8,0.0
NET,T0255,0.3,0.0,0.4,0.0
NET,T0256,0.3,0.0,0.8,0.0
NET,T0257,0.1,0.0,0.2,0.0
NET,T0258,0.4,0.0,0.9,0.0
NET,T0259,0.2,0.0,0.4,0.0
NET,T0260,0.7,0.0,1.4,0.0
NET,T0261,0.4,0.0,0.9,0.0
NET,T0262,0.4,0.0,0.8,0.0
NET,T0263,0.2,0.0,0.3,0.0
NET,T0264,0.4,0.0,0.8,0.0
NET,T0265,0.2,0.0,0.3,0.0
NET,T0266,0.4,0.0,0.8,0.0
NET,T0267,0.2,0.0,0.4,0.0
NET,T0268,0.4,0.0,0.8,0.0
NET,T0269,0.1,0.0,0.2,0.0
NET,T0270,0.4,0.0,0.8,0.0
NET,T0271,0.2,0.0,0.9,0.0
NET,T0272,0.7,0.0,1.4,0.0
NET,T0273,0.4,0.0,0.7,0.0
NET,T0274,0.4,0.0,0.8,0.0
NET,T0275,0.4,0.0,0.7,0.0
NET,T0276,0.6,0.0,1.1,0.0
NET,T0277,0.3,0.0,0.5,0.0
NET,T0278,0.4,0.0,0.8,0.0
NET,T0279,0.2,0.0,0.3,0.0
NET,T0280,0.4,0.0,0.8,0.0
NET,T0281,0.1,0.0,0.2,0.0
NET,T0282,0.4,0.0,1.0,0.0
NET,T0283,0.2,0.0,0.3,0.0
NET,T0284,0.7,0.0,1.5,0.0
NET,T0285,0.6,0.0,0.9,0.0
NET,T0286,0.4,0.0,0.8,0.0
NET,T0287,0.2,0.0,0.3,0.0
NET,T0288,0.4,0.0,0.8,0.0
NET,T0289,0.2,0.0,0.3,0.0
NET,T0290,0.4,0.0,0.8,0.0
NET,T0291,0.2,0.0,0.4,0.0
NET,T0292,0.4,0.0,0.8,0.0
NET,T0293,0.2,0.0,0.2,0.0
NET,T0294,0.4,0.0,0.8,0.0
NET,T0295,0.2,0.0,0.5,0.0
NET,T0296,0.8,0.0,1.6,0.0
NET,T0297,0.4,0.0,0.9,0.0
NET,T0298,0.3,0.0,0.8,0.0
NET,T0299,0.1,0.0,0.3,0.0
NET,T0300,0.4,0.0,0.8,0.0
NET,T0301,0.1,0.0,0.2,0.0
NET,T0302,0.4,0.0,0.9,0.0
NET,T0303,0.3,0.0,0.4,0.0
NET,T0304,0.4,0.0,1.1,0.0
NET,T0305,0.1,0.0,0.2,0.0
NET,T0306,0.4,0.0,0.8,0.0
NET,T0307,0.2,0.0,0.5,0.0
NET,T0308,0.8,0.0,1.3,0.0
NET,T0309,0.4,0.0,1.1,0.0
NET,T0310,0.4,0.0,0.8,0.0
NET,T0311,0.2,0.0,0.3,0.0
NET,T0312,0.4,0.0,1.0,0.0
NET,T0313,0.1,0.0,0.2,0.0
NET,T0314,0.4,0.0,0.9,0.0
NET,T0315,0.3,0.0,0.4,0.0
NET,T0316,0.4,0.0,0.8,0.0
NET,T0317,0.1,0.0,0.2,0.0
NET,T0318,0.4,0.0,0.8,0.0
NET,T0319,0.2,0.0,0.4,0.0
NET,T0320,0.8,0.0,1.3,0.0
NET,T0321,0.4,0.0,1.1,0.0
NET,T0322,0.4,0.0,0.8,0.0
NET,T0323,0.1,0.0,0.3,0.0
NET,T0324,0.7,0.0,1.2,0.0
NET,T0325,0.2,0.0,0.4,0.0
NET,T0326,0.4,0.0,0.9,0.0
NET,T0327,0.2,0.0,0.4,0.0
NET,T0328,0.4,0.0,0.8,0.0
NET,T0329,0.2,0.0,0.2,0.0
NET,T0330,0.4,0.0,0.8,0.0
NET,T0331,0.2,0.0,0.6,0.0
NET,T0332,0.8,0.0,1.4,0.0
NET,T0333,0.5,0.0,1.2,0.0
NET,T0334,0.4,0.0,0.8,0.0
NET,T0335,0.4,0.0,0.5,0.0
NET,T0336,0.4,0.0,0.9,0.0
NET,T0337,0.3,0.0,0.4,0.0
NET,T0338,0.4,0.0,0.8,0.0
NET,T0339,0.4,0.0,0.6,0.0
NET,T0340,1.7,0.0,1.5,0.0
NET,T0341,0.2,0.0,0.3,0.0
NET,T0342,0.4,0.0,0.8,0.0
NET,T0343,0.1,0.0,0.4,0.0
NET,T0344,0.7,0.0,1.2,0.0
NET,T0345,0.5,0.0,1.2,0.0
NET,T0346,0.4,0.0,0.8,0.0
NET,T0347,0.2,0.0,0.3,0.0
NET,T0348,0.4,0.0,1.0,0.0
NET,T0349,0.1,0.0,0.2,0.0
NET,T0350,0.4,0.0,0.8,0.0
NET,T0351,0.5,0.0,0.6,0.0
NET,T0352,0.3,0.0,0.8,0.0
NET,T0353,0.2,0.0,0.2,0.0
NET,T0354,0.4,0.0,0.8,0.0
NET,T0355,0.2,0.0,0.5,0.0
NET,T0356,0.7,0.0,1.2,0.0
NET,T0357,0.4,0.0,1.1,0.0
NET,T0358,0.4,0.0,0.8,0.0
NET,T0359,0.2,0.0,0.3,0.0
NET,T0360,0.4,0.0,0.8,0.0
NET,T0361,0.2,0.0,0.3,0.0
NET,T0362,0.4,0.0,0.7,0.0
NET,T0363,0.3,0.0,0.5,0.0
NET,T0364,0.3,0.0,0.7,0.0
NET,T0365,0.3,0.0,0.4,0.0
NET,T0366,0.2,0.0,0.6,0.0
NET,T0367,0.3,0.0,0.6,0.0
NET,T0368,0.6,0.0,1.0,0.0
NET,T0369,0.5,0.0,1.2,0.0
NET,T0370,0.4,0.0,0.8,0.0
NET,T0371,0.1,0.0,0.3,0.0
NET,T0372,0.4,0.0,0.8,0.0
NET,T0373,0.1,0.0,0.2,0.0
NET,T0374,0.4,0.0,0.8,0.0
NET,T0375,0.3,0.0,0.4,0.0
NET,T0376,0.4,0.0,0.9,0.0
NET,T0377,0.1,0.0,0.2,0.0
NET,T0378,0.4,0.0,0.8,0.0
NET,T0379,0.2,0.0,0.4,0.0
NET,T0380,0.7,0.0,1.2,0.0
NET,T0381,0.4,0.0,1.1,0.0
NET,T0382,0.4,0.0,0.9,0.0
NET,T0383,0.2,0.0,0.3,0.0
NET,T0384,0.4,0.0,1.1,0.0
NET,T0385,0.1,0.0,0.2,0.0
NET,T0386,0.4,0.0,0.8,0.0
NET,T0387,0.3,0.0,0.4,0.0
NET,T0388,0.4,0.0,0.8,0.0
NET,T0389,0.2,0.0,0.3,0.0
NET,T0390,0.4,0.0,0.8,0.0
NET,T0391,0.1,0.0,0.5,0.0
NET,T0392,0.7,0.0,1.2,0.0
NET,T0393,0.4,0.0,1.2,0.0
NET,T0394,0.4,0.0,0.8,0.0
NET,T0395,0.4,0.0,0.5,0.0
NET,T0396,0.4,0.0,0.9,0.0
NET,T0397,0.1,0.0,0.2,0.0
NET,T0398,0.5,0.0,0.9,0.0
NET,T0399,0.3,0.0,0.4,0.0
NET,T0400,0.3,0.0,0.8,0.0
NET,T0401,0.3,0.0,0.5,0.0
NET,T0402,0.4,0.0,0.8,0.0
NET,T0403,0.2,0.0,0.4,0.0
NET,T0404,0.7,0.0,1.2,0.0
NET,T0405,0.4,0.0,1.1,0.0
NET,T0406,0.3,0.0,0.8,0.0
NET,T0407,0.2,0.0,0.4,0.0
NET,T0408,0.4,0.0,0.8,0.0
NET,T0409,0.1,0.0,0.2,0.0
NET,T0410,0.4,0.0,0.8,0.0
NET,T0411,0.2,0.0,0.4,0.0
NET,T0412,0.3,0.0,0.8,0.0
NET,T0413,0.2,0.0,0.3,0.0
NET,T0414,0.4,0.0,0.8,0.0
NET,T0415,0.1,0.0,0.4,0.0
NET,T0416,1.0,0.0,1.4,0.0
NET,T0417,0.6,0.0,1.2,0.0
NET,T0418,0.4,0.0,0.8,0.0
NET,T0419,0.2,0.0,0.6,0.0
NET,T0420,0.4,0.0,0.9,0.0
NET,T0421,0.1,0.0,0.2,0.0
NET,T0422,0.4,0.0,0.8,0.0
NET,T0423,0.3,0.0,0.4,0.0
NET,T0424,0.3,0.0,0.8,0.0
NET,T0425,0.1,0.0,0.2,0.0
NET,T0426,0.4,0.0,0.9,0.0
NET,T0427,0.1,0.0,0.5,0.0
NET,T0428,0.7,0.0,1.2,0.0
NET,T0429,0.4,0.0,1.1,0.0
NET,T0430,0.3,0.0,0.8,0.0
NET,T0431,0.2,0.0,0.3,0.0
NET,T0432,0.4,0.0,0.9,0.0
NET,T0433,0.1,0.0,0.2,0.0
NET,T0434,0.4,0.0,0.8,0.0
NET,T0435,0.2,0.0,0.4,0.0
NET,T0436,0.3,0.0,0.8,0.0
NET,T0437,0.2,0.0,0.2,0.0
NET,T0438,0.4,0.0,0.9,0.0
NET,T0439,0.1,0.0,0.4,0.0
NET,T0440,0.7,0.0,1.2,0.0
NET,T0441,0.4,0.0,1.1,0.0
NET,T0442,0.4,0.0,0.8,0.0
NET,T0443,0.2,0.0,0.3,0.0
NET,T0444,0.4,0.0,0.8,0.0
NET,T0445,0.2,0.0,0.3,0.0
NET,T0446,0.4,0.0,0.8,0.0
NET,T0447,0.2,0.0,0.3,0.0
NET,T0448,0.4,0.0,0.8,0.0
NET,T0449,0.2,0.0,0.2,0.0
NET,T0450,0.4,0.0,1.1,0.0
NET,T0451,0.2,0.0,0.3,0.0
NET,T0452,0.7,0.0,1.2,0.0
NET,T0453,1.0,0.0,1.7,0.0
NET,T0454,0.6,0.0,1.6,0.0
NET,T0455,0.4,0.0,0.7,0.0
NET,T0456,0.4,0.0,0.8,0.0
NET,T0457,0.2,0.0,0.4,0.0
NET,T0458,0.5,0.0,0.9,0.0
NET,T0459,0.2,0.0,0.3,0.0
NET,T0460,1.8,0.0,1.2,0.0
NET,T0461,0.2,0.0,0.5,0.0
NET,T0462,0.4,0.0,0.8,0.0
NET,T0463,0.2,0.0,0.6,0.0
NET,T0464,0.8,0.0,1.3,0.0
NET,T0465,0.4,0.0,1.1,0.0
NET,T0466,0.4,0.0,0.8,0.0
NET,T0467,0.1,0.0,0.3,0.0
NET,T0468,0.4,0.0,0.8,0.0
NET,T0469,0.2,0.0,0.3,0.0
NET,T0470,0.4,0.0,0.8,0.0
NET,T0471,0.3,0.0,0.4,0.0
NET,T0472,0.4,0.0,0.8,0.0
NET,T0473,0.1,0.0,0.2,0.0
NET,T0474,0.4,0.0,0.8,0.0
NET,T0475,0.2,0.0,0.6,0.0
NET,T0476,0.7,0.0,1.2,0.0
NET,T0477,0.4,0.0,1.1,0.0
NET,T0478,0.4,0.0,0.8,0.0
NET,T0479,0.1,0.0,0.3,0.0
NET,T0480,0.4,0.0,0.8,0.0
NET,T0481,0.2,0.0,0.3,0.0
NET,T0482,0.4,0.0,0.8,0.0
NET,T0483,0.4,0.0,0.5,0.0
NET,T0484,0.4,0.0,0.8,0.0
NET,T0485,0.2,0.0,0.2,0.0
NET,T0486,0.4,0.0,1.1,0.0
NET,T0487,0.1,0.0,0.2,0.0
NET,T0488,0.8,0.0,1.3,0.0
NET,T0489,0.4,0.0,1.0,0.0
NET,T0490,0.4,0.0,0.8,0.0
NET,T0491,0.2,0.0,0.6,0.0
NET,T0492,0.4,0.0,0.8,0.0
NET,T0493,0.1,0.0,0.2,0.0
NET,T0494,0.4,0.0,0.9,0.0
NET,T0495,0.3,0.0,0.4,0.0
NET,T0496,0.3,0.0,0.8,0.0
NET,T0497,0.1,0.0,0.2,0.0
NET,T0498,0.4,0.0,1.0,0.0
NET,T0499,0.1,0.0,0.2,0.0
NET,T0500,0.8,0.0,1.3,0.0
NET,T0501,0.4,0.0,1.1,0.0
NET,T0502,0.3,0.0,0.8,0.0
NET,T0503,0.2,0.0,0.3,0.0
NET,T0504,0.4,0.0,0.8,0.0
NET,T0505,0.1,0.0,0.2,0.0
NET,T0506,0.4,0.0,0.9,0.0
NET,T0507,0.2,0.0,0.4,0.0
NET,T0508,0.3,0.0,0.8,0.0
NET,T0509,0.2,0.0,0.2,0.0
NET,T0510,0.4,0.0,1.1,0.0
NET,T0511,0.1,0.0,0.2,0.0
NET,T0512,0.8,0.0,1.3,0.0
NET,T0513,0.4,0.0,1.1,0.0
NET,T0514,0.3,0.0,0.8,0.0
NET,T0515,0.4,0.0,0.6,0.0
NET,T0516,0.4,0.0,0.9,0.0
NET,T0517,0.1,0.0,0.2,0.0
NET,T0518,0.4,0.0,0.8,0.0
NET,T0519,0.5,0.0,0.6,0.0
NET,T0520,0.3,0.0,0.8,0.0
NET,T0521,0.2,0.0,0.2,0.0
NET,T0522,0.4,0.0,1.0,0.0
NET,T0523,0.1,0.0,0.2,0.0
NET,T0524,0.7,0.0,1.2,0.0
NET,T0525,0.5,0.0,1.2,0.0
NET,T0526,0.4,0.0,0.9,0.0
NET,T0527,0.2,0.0,0.6,0.0
NET,T0528,0.4,0.0,0.8,0.0
NET,T0529,0.1,0.0,0.2,0.0
NET,T0530,0.4,0.0,0.8,0.0
NET,T0531,0.3,0.0,0.5,0.0
NET,T0532,0.4,0.0,0.8,0.0
NET,T0533,0.2,0.0,0.3,0.0
NET,T0534,0.4,0.0,0.8,0.0
NET,T0535,0.2,0.0,0.5,0.0
NET,T0536,0.6,0.0,1.0,0.0
NET,T0537,0.6,0.0,1.3,0.0
NET,T0538,0.2,0.0,0.6,0.0
NET,T0539,0.3,0.0,0.4,0.0
NET,T0540,0.2,0.0,0.6,0.0
NET,T0541,0.2,0.0,0.4,0.0
NET,T0542,0.3,0.0,0.6,0.0
NET,T0543,0.4,0.0,0.6,0.0
NET,T0544,0.2,0.0,0.6,0.0
NET,T0545,0.3,0.0,0.4,0.0
NET,T0546,0.3,0.0,0.9,0.0
NET,T0547,0.2,0.0,0.3,0.0
NET,T0548,0.7,0.0,1.2,0.0
NET,T0549,0.6,0.0,1.1,0.0
NET,T0550,0.4,0.0,0.9,0.0
NET,T0551,0.1,0.0,0.3,0.0
NET,T0552,0.7,0.0,1.4,0.0
NET,T0553,0.2,0.0,0.3,0.0
NET,T0554,0.3,0.0,0.8,0.0
NET,T0555,0.2,0.0,0.4,0.0
NET,T0556,0.4,0.0,0.9,0.0
NET,T0557,0.1,0.0,0.2,0.0
NET,T0558,0.4,0.0,0.8,0.0
NET,T0559,0.2,0.0,0.4,0.0
NET,T0560,0.7,0.0,1.2,0.0
NET,T0561,0.4,0.0,0.9,0.0
NET,T0562,0.4,0.0,1.2,0.0
NET,T0563,0.2,0.0,0.3,0.0
NET,T0564,0.4,0.0,1.1,0.0
NET,T0565,0.1,0.0,0.2,0.0
NET,T0566,0.4,0.0,0.8,0.0
NET,T0567,0.3,0.0,0.4,0.0
NET,T0568,0.4,0.0,0.8,0.0
NET,T0569,0.1,0.0,0.2,0.0
NET,T0570,0.4,0.0,0.8,0.0
NET,T0571,0.2,0.0,0.5,0.0
NET,T0572,0.7,0.0,1.2,0.0
NET,T0573,0.4,0.0,0.9,0.0
NET,T0574,0.4,0.0,1.0,0.0
NET,T0575,0.5,0.0,0.6,0.0
NET,T0576,0.4,0.0,1.1,0.0
NET,T0577,0.1,0.0,0.2,0.0
NET,T0578,0.4,0.0,0.8,0.0
NET,T0579,0.2,0.0,0.3,0.0
NET,T0580,1.9,0.0,1.3,0.0
NET,T0581,0.2,0.0,0.7,0.0
NET,T0582,0.4,0.0,1.0,0.0
NET,T0583,0.1,0.0,0.2,0.0
NET,T0584,0.7,0.0,1.3,0.0
NET,T0585,0.4,0.0,0.7,0.0
NET,T0586,0.3,0.0,1.0,0.0
NET,T0587,0.2,0.0,0.4,0.0
NET,T0588,0.7,0.0,1.2,0.0
NET,T0589,0.1,0.0,0.4,0.0
NET,T0590,0.4,0.0,0.8,0.0
NET,T0591,0.2,0.0,0.3,0.0
NET,T0592,0.4,0.0,0.8,0.0
NET,T0593,0.2,0.0,0.3,0.0
NET,T0594,0.4,0.0,0.8,0.0
NET,T0595,0.2,0.0,0.5,0.0
NET,T0596,0.7,0.0,1.2,0.0
NET,T0597,0.4,0.0,1.1,0.0
NET,T0598,0.3,0.0,0.8,0.0
NET,T0599,0.2,0.0,0.4,0.0
NET,T0600,0.4,0.0,1.1,0.0
NET,T0601,0.1,0.0,0.2,0.0
NET,T0602,0.4,0.0,0.8,0.0
NET,T0603,0.4,0.0,0.8,0.0
NET,T0604,0.4,0.0,0.8,0.0
NET,T0605,0.2,0.0,0.2,0.0
NET,T0606,0.5,0.0,1.0,0.0
NET,T0607,0.1,0.0,0.4,0.0
NET,T0608,0.7,0.0,1.2,0.0
NET,T0609,0.4,0.0,1.1,0.0
NET,T0610,0.3,0.0,0.8,0.0
NET,T0611,0.2,0.0,0.3,0.0
NET,T0612,0.4,0.0,0.9,0.0
NET,T0613,0.1,0.0,0.2,0.0
NET,T0614,0.4,0.0,0.8,0.0
NET,T0615,0.4,0.0,0.5,0.0
NET,T0616,0.4,0.0,0.8,0.0
NET,T0617,0.1,0.0,0.2,0.0
NET,T0618,0.4,0.0,0.9,0.0
NET,T0619,0.2,0.0,0.5,0.0
NET,T0620,0.7,0.0,1.2,0.0
NET,T0621,0.4,0.0,1.1,0.0
NET,T0622,0.4,0.0,0.8,0.0
NET,T0623,0.2,0.0,0.3,0.0
NET,T0624,0.4,0.0,0.9,0.0
NET,T0625,0.1,0.0,0.2,0.0
NET,T0626,0.4,0.0,0.8,0.0
NET,T0627,0.2,0.0,0.3,0.0
NET,T0628,0.4,0.0,0.8,0.0
NET,T0629,0.2,0.0,0.2,0.0
NET,T0630,0.4,0.0,1.1,0.0
NET,T0631,0.1,0.0,0.3,0.0
NET,T0632,0.7,0.0,1.2,0.0
NET,T0633,0.4,0.0,1.1,0.0
NET,T0634,0.4,0.0,0.8,0.0
NET,T0635,0.4,0.0,0.6,0.0
NET,T0636,0.4,0.0,0.9,0.0
NET,T0637,0.2,0.0,0.5,0.0
NET,T0638,0.4,0.0,0.8,0.0
NET,T0639,0.2,0.0,0.3,0.0
NET,T0640,0.5,0.0,0.9,0.0
NET,T0641,0.1,0.0,0.2,0.0
NET,T0642,0.4,0.0,0.8,0.0
NET,T0643,0.2,0.0,0.6,0.0
NET,T0644,0.7,0.0,1.2,0.0
NET,T0645,0.4,0.0,1.1,0.0
NET,T0646,0.4,0.0,0.8,0.0
NET,T0647,0.1,0.0,0.3,0.0
NET,T0648,0.4,0.0,0.8,0.0
NET,T0649,0.2,0.0,0.3,0.0
NET,T0650,0.4,0.0,0.9,0.0
NET,T0651,0.2,0.0,0.3,0.0
NET,T0652,0.4,0.0,0.8,0.0
NET,T0653,0.2,0.0,0.2,0.0
NET,T0654,0.4,0.0,0.8,0.0
NET,T0655,0.2,0.0,0.5,0.0
NET,T0656,0.7,0.0,1.2,0.0
NET,T0657,0.4,0.0,1.1,0.0
NET,T0658,0.4,0.0,0.8,0.0
NET,T0659,0.2,0.0,0.3,0.0
NET,T0660,0.4,0.0,0.8,0.0
NET,T0661,0.2,0.0,0.3,0.0
NET,T0662,0.4,0.0,0.8,0.0
NET,T0663,0.3,0.0,0.4,0.0
NET,T0664,0.4,0.0,0.8,0.0
NET,T0665,0.1,0.0,0.2,0.0
NET,T0666,0.6,0.0,1.4,0.0
NET,T0667,0.2,0.0,0.3,0.0
NET,T0668,0.7,0.0,1.3,0.0
NET,T0669,0.4,0.0,1.1,0.0
NET,T0670,0.3,0.0,0.8,0.0
NET,T0671,0.2,0.0,0.3,0.0
NET,T0672,0.4,0.0,1.1,0.0
NET,T0673,0.1,0.0,0.2,0.0
NET,T0674,0.4,0.0,0.9,0.0
NET,T0675,0.2,0.0,0.4,0.0
NET,T0676,0.3,0.0,0.8,0.0
NET,T0677,0.2,0.0,0.2,0.0
NET,T0678,0.4,0.0,0.8,0.0
NET,T0679,0.1,0.0,0.4,0.0
NET,T0680,0.8,0.0,1.3,0.0
NET,T0681,0.6,0.0,1.2,0.0
NET,T0682,0.4,0.0,0.8,0.0
NET,T0683,0.1,0.0,0.3,0.0
NET,T0684,0.4,0.0,0.8,0.0
NET,T0685,0.1,0.0,0.2,0.0
NET,T0686,0.4,0.0,0.9,0.0
NET,T0687,0.3,0.0,0.4,0.0
NET,T0688,0.4,0.0,0.8,0.0
NET,T0689,0.1,0.0,0.2,0.0
NET,T0690,0.4,0.0,1.1,0.0
NET,T0691,0.2,0.0,0.3,0.0
NET,T0692,0.8,0.0,1.3,0.0
NET,T0693,0.4,0.0,1.1,0.0
NET,T0694,0.4,0.0,0.8,0.0
NET,T0695,0.5,0.0,0.7,0.0
NET,T0696,0.4,0.0,0.8,0.0
NET,T0697,0.2,0.0,0.5,0.0
NET,T0698,0.4,0.0,0.8,0.0
NET,T0699,0.2,0.0,0.4,0.0
NET,T0700,1.7,0.0,1.4,0.0
NET,T0701,0.3,0.0,0.4,0.0
NET,T0702,0.7,0.0,1.2,0.0
NET,T0703,0.2,0.0,0.5,0.0
NET,T0704,0.7,0.0,1.2,0.0
NET,T0705,0.5,0.0,1.2,0.0
NET,T0706,0.4,0.0,0.8,0.0
NET,T0707,0.2,0.0,0.3,0.0
NET,T0708,0.4,0.0,1.1,0.0
NET,T0709,0.1,0.0,0.2,0.0
NET,T0710,0.4,0.0,0.8,0.0
NET,T0711,0.3,0.0,0.5,0.0
NET,T0712,0.3,0.0,0.7,0.0
NET,T0713,0.3,0.0,0.4,0.0
NET,T0714,0.3,0.0,0.7,0.0
NET,T0715,0.3,0.0,0.6,0.0
NET,T0716,0.6,0.0,1.0,0.0
NET,T0717,0.6,0.0,1.4,0.0
NET,T0718,0.2,0.0,0.6,0.0
NET,T0719,0.3,0.0,0.4,0.0
NET,T0720,0.3,0.0,0.6,0.0
NET,T0721,0.2,0.0,0.4,0.0
NET,T0722,0.3,0.0,0.6,0.0
NET,T0723,0.4,0.0,0.7,0.0
NET,T0724,0.2,0.0,0.6,0.0
NET,T0725,0.3,0.0,0.4,0.0
NET,T0726,0.3,0.0,0.6,0.0
NET,T0727,0.3,0.0,0.6,0.0
NET,T0728,0.6,0.0,1.0,0.0
NET,T0729,0.6,0.0,1.4,0.0
NET,T0730,0.3,0.0,0.7,0.0
NET,T0731,0.2,0.0,0.3,0.0
NET,T0732,0.4,0.0,0.8,0.0
NET,T0733,0.1,0.0,0.2,0.0
NET,T0734,0.4,0.0,0.8,0.0
NET,T0735,0.3,0.0,0.4,0.0
NET,T0736,0.4,0.0,0.9,0.0
NET,T0737,0.1,0.0,0.2,0.0
NET,T0738,0.4,0.0,0.8,0.0
NET,T0739,0.1,0.0,0.4,0.0
NET,T0740,0.7,0.0,1.2,0.0
NET,T0741,0.4,0.0,1.1,0.0
NET,T0742,0.4,0.0,0.9,0.0
NET,T0743,0.2,0.0,0.6,0.0
NET,T0744,0.4,0.0,0.8,0.0
NET,T0745,0.1,0.0,0.2,0.0
NET,T0746,0.4,0.0,0.8,0.0
NET,T0747,0.4,0.0,0.5,0.0
NET,T0748,0.4,0.0,0.9,0.0
NET,T0749,0.2,0.0,0.3,0.0
NET,T0750,0.4,0.0,1.1,0.0
NET,T0751,0.1,0.0,0.2,0.0
NET,T0752,0.7,0.0,1.2,0.0
NET,T0753,0.4,0.0,1.1,0.0
NET,T0754,0.4,0.0,0.9,0.0
NET,T0755,0.2,0.0,0.3,0.0
NET,T0756,0.6,0.0,1.0,0.0
NET,T0757,0.1,0.0,0.3,0.0
NET,T0758,0.4,0.0,0.9,0.0
NET,T0759,0.3,0.0,0.4,0.0
NET,T0760,0.4,0.0,0.8,0.0
NET,T0761,0.5,0.0,0.6,0.0
NET,T0762,0.5,0.0,1.1,0.0
NET,T0763,0.1,0.0,0.4,0.0
NET,T0764,0.7,0.0,1.1,0.0
NET,T0765,0.4,0.0,1.0,0.0
NET,T0766,0.4,0.0,0.8,0.0
NET,T0767,0.2,0.0,0.4,0.0
NET,T0768,0.4,0.0,0.8,0.0
NET,T0769,0.1,0.0,0.2,0.0
NET,T0770,0.4,0.0,0.8,0.0
NET,T0771,0.7,0.0,1.0,0.0
NET,T0772,0.4,0.0,0.8,0.0
NET,T0773,0.2,0.0,0.3,0.0
NET,T0774,0.4,0.0,1.0,0.0
NET,T0775,0.2,0.0,0.4,0.0
NET,T0776,0.7,0.0,1.2,0.0
NET,T0777,0.4,0.0,0.9,0.0
NET,T0778,0.4,0.0,1.1,0.0
NET,T0779,0.2,0.0,0.4,0.0
NET,T0780,0.4,0.0,1.1,0.0
NET,T0781,0.1,0.0,0.2,0.0
NET,T0782,0.4,0.0,0.8,0.0
NET,T0783,0.3,0.0,0.4,0.0
NET,T0784,0.4,0.0,0.8,0.0
NET,T0785,0.2,0.0,0.3,0.0
NET,T0786,0.4,0.0,1.1,0.0
NET,T0787,0.1,0.0,0.2,0.0
NET,T0788,0.7,0.0,1.2,0.0
NET,T0789,0.4,0.0,0.8,0.0
NET,T0790,0.4,0.0,1.1,0.0
NET,T0791,0.1,0.0,0.3,0.0
NET,T0792,0.4,0.0,0.9,0.0
NET,T0793,0.1,0.0,0.2,0.0
NET,T0794,0.4,0.0,0.8,0.0
NET,T0795,0.3,0.0,0.4,0.0
NET,T0796,0.3,0.0,0.8,0.0
NET,T0797,0.1,0.0,0.2,0.0
NET,T0798,0.4,0.0,1.2,0.0
NET,T0799,0.1,0.0,0.2,0.0
NET,T0800,0.8,0.0,1.3,0.0
NET,T0801,0.4,0.0,0.7,0.0
NET,T0802,0.4,0.0,1.1,0.0
NET,T0803,0.1,0.0,0.3,0.0
NET,T0804,0.4,0.0,0.9,0.0
NET,T0805,0.1,0.0,0.2,0.0
NET,T0806,0.3,0.0,0.8,0.0
NET,T0807,0.3,0.0,0.4,0.0
NET,T0808,0.3,0.0,0.8,0.0
NET,T0809,0.2,0.0,0.2,0.0
NET,T0810,0.5,0.0,1.3,0.0
NET,T0811,0.1,0.0,0.2,0.0
NET,T0812,0.7,0.0,1.2,0.0
NET,T0813,0.6,0.0,1.0,0.0
NET,T0814,0.4,0.0,1.0,0.0
NET,T0815,0.2,0.0,0.3,0.0
NET,T0816,0.7,0.0,1.3,0.0
NET,T0817,0.1,0.0,0.2,0.0
NET,T0818,0.4,0.0,0.8,0.0
NET,T0819,0.3,0.0,0.5,0.0
NET,T0820,1.7,0.0,1.2,0.0
NET,T0821,0.2,0.0,0.6,0.0
NET,T0822,0.6,0.0,1.1,0.0
NET,T0823,0.2,0.0,0.3,0.0
NET,T0824,0.8,0.0,1.3,0.0
NET,T0825,0.4,0.0,0.7,0.0
NET,T0826,0.4,0.0,1.1,0.0
NET,T0827,0.2,0.0,0.3,0.0
NET,T0828,0.4,0.0,0.8,0.0
NET,T0829,0.2,0.0,0.3,0.0
NET,T0830,0.4,0.0,0.8,0.0
NET,T0831,0.3,0.0,0.4,0.0
NET,T0832,0.4,0.0,0.8,0.0
NET,T0833,0.1,0.0,0.2,0.0
NET,T0834,0.4,0.0,0.8,0.0
NET,T0835,0.2,0.0,0.6,0.0
NET,T0836,0.7,0.0,1.2,0.0
NET,T0837,0.5,0.0,1.0,0.0
NET,T0838,0.4,0.0,1.1,0.0
NET,T0839,0.2,0.0,0.3,0.0
NET,T0840,0.4,0.0,0.8,0.0
NET,T0841,1.4,0.0,0.9,0.0
NET,T0842,0.4,0.0,0.8,0.0
NET,T0843,0.2,0.0,0.3,0.0
NET,T0844,0.4,0.0,0.8,0.0
NET,T0845,0.3,52.0,2.7,52.0
NET,T0846,0.4,0.0,0.8,0.0
NET,T0847,0.4,0.0,0.6,0.0
NET,T0848,0.8,0.0,1.4,0.0
NET,T0849,0.4,0.0,0.7,0.0
NET,T0850,0.4,0.0,1.0,0.0
NET,T0851,1.3,0.0,0.6,0.0
NET,T0852,0.4,0.0,1.1,0.0
NET,T0853,0.2,0.0,0.3,0.0
NET,T0854,0.4,0.0,0.8,0.0
NET,T0855,0.2,0.0,0.4,0.0
NET,T0856,0.4,0.0,0.8,0.0
NET,T0857,0.2,0.0,0.2,0.0
NET,T0858,0.4,0.0,0.8,0.0
NET,T0859,1.3,0.0,0.8,0.0
NET,T0860,0.8,0.0,1.4,0.0
NET,T0861,0.4,0.0,0.7,0.0
NET,T0862,0.4,0.0,1.1,0.0
NET,T0863,0.2,0.0,0.3,0.0
NET,T0864,0.4,0.0,0.8,0.0
NET,T0865,0.1,0.0,0.2,0.0
NET,T0866,0.4,0.0,0.9,0.0
NET,T0867,0.2,0.0,0.3,0.0
NET,T0868,0.4,0.0,0.8,0.0
NET,T0869,0.2,0.0,0.2,0.0
NET,T0870,0.4,0.0,0.8,0.0
NET,T0871,0.2,0.0,0.5,0.0
NET,T0872,0.8,0.0,1.3,0.0
NET,T0873,0.4,0.0,0.8,0.0
NET,T0874,0.4,0.0,1.1,0.0
NET,T0875,0.2,0.0,0.3,0.0
NET,T0876,0.6,0.0,1.0,0.0
NET,T0877,0.1,0.0,0.2,0.0
NET,T0878,0.4,0.0,0.9,0.0
NET,T0879,0.4,0.0,0.7,0.0
NET,T0880,0.4,0.0,0.8,0.0
NET,T0881,0.1,0.0,0.2,0.0
NET,T0882,0.5,0.0,1.2,0.0
NET,T0883,0.3,0.0,0.4,0.0
NET,T0884,0.8,0.0,1.4,0.0
NET,T0885,0.4,0.0,0.8,0.0
NET,T0886,0.4,0.0,1.1,0.0
NET,T0887,0.2,0.0,0.3,0.0
NET,T0888,0.4,0.0,1.0,0.0
NET,T0889,0.1,0.0,0.2,0.0
NET,T0890,0.4,0.0,0.8,0.0
NET,T0891,0.3,0.0,0.5,0.0
NET,T0892,0.3,0.0,0.7,0.0
NET,T0893,0.2,0.0,0.3,0.0
NET,T0894,0.3,0.0,0.8,0.0
NET,T0895,0.3,0.0,0.6,0.0
NET,T0896,0.6,0.0,1.0,0.0
NET,T0897,0.6,0.0,1.5,0.0
NET,T0898,0.2,0.0,0.6,0.0
NET,T0899,0.4,0.0,0.6,0.0
NET,T0900,0.3,0.0,0.6,0.0
NET,T0901,0.2,0.0,0.4,0.0
NET,T0902,0.3,0.0,0.6,0.0
NET,T0903,0.4,0.0,0.7,0.0
NET,T0904,0.2,0.0,0.6,0.0
NET,T0905,0.3,0.0,0.4,0.0
NET,T0906,0.3,0.0,0.6,0.0
NET,T0907,0.3,0.0,0.6,0.0
NET,T0908,0.6,0.0,1.1,0.0
NET,T0909,0.6,0.0,1.1,0.0
NET,T0910,0.2,0.0,0.9,0.0
NET,T0911,0.3,0.0,0.5,0.0
NET,T0912,0.2,0.0,0.6,0.0
NET,T0913,0.2,0.0,0.3,0.0
NET,T0914,0.4,0.0,0.8,0.0
NET,T0915,0.2,0.0,0.3,0.0
NET,T0916,0.4,0.0,0.9,0.0
NET,T0917,0.1,0.0,0.2,0.0
NET,T0918,0.4,0.0,0.8,0.0
NET,T0919,0.2,0.0,0.2,0.0
NET,T0920,0.7,0.0,1.4,0.0
NET,T0921,0.4,0.0,0.9,0.0
NET,T0922,0.4,0.0,1.2,0.0
NET,T0923,0.2,0.0,0.3,0.0
NET,T0924,0.4,0.0,0.8,0.0
NET,T0925,0.1,0.0,0.5,0.0
NET,T0926,0.4,0.0,0.8,0.0
NET,T0927,0.2,0.0,0.3,0.0
NET,T0928,0.4,0.0,0.9,0.0
NET,T0929,0.1,0.0,0.2,0.0
NET,T0930,0.6,0.0,1.0,0.0
NET,T0931,0.2,0.0,0.5,0.0
NET,T0932,0.7,0.0,1.2,0.0
NET,T0933,0.4,0.0,0.8,0.0
NET,T0934,0.4,0.0,1.2,0.0
NET,T0935,0.2,0.0,0.3,0.0
NET,T0936,0.6,0.0,1.1,0.0
NET,T0937,0.1,0.0,0.2,0.0
NET,T0938,0.4,0.0,0.8,0.0
NET,T0939,0.3,0.0,0.5,0.0
NET,T0940,1.8,0.0,1.3,0.0
NET,T0941,0.2,0.0,0.6,0.0
NET,T0942,0.4,0.0,1.1,0.0
NET,T0943,0.2,0.0,0.2,0.0
NET,T0944,0.9,0.0,1.4,0.0
NET,T0945,0.6,0.0,1.0,0.0
NET,T0946,0.4,0.0,1.1,0.0
NET,T0947,0.2,0.0,0.4,0.0
NET,T0948,0.3,0.0,0.8,0.0
NET,T0949,0.1,0.0,0.2,0.0
NET,T0950,0.4,0.0,0.8,0.0
NET,T0951,0.3,0.0,0.4,0.0
NET,T0952,0.4,0.0,0.8,0.0
NET,T0953,0.3,0.0,0.4,0.0
NET,T0954,0.4,0.0,1.1,0.0
NET,T0955,0.2,0.0,0.2,0.0
NET,T0956,0.7,0.0,1.2,0.0
NET,T0957,0.4,0.0,0.9,0.0
NET,T0958,0.4,0.0,1.1,0.0
NET,T0959,0.2,0.0,0.4,0.0
NET,T0960,0.4,0.0,1.1,0.0
NET,T0961,0.1,0.0,0.2,0.0
NET,T0962,0.4,0.0,0.9,0.0
NET,T0963,0.2,0.0,0.4,0.0
NET,T0964,0.4,0.0,0.8,0.0
NET,T0965,0.3,0.0,0.4,0.0
NET,T0966,0.4,0.0,1.0,0.0
NET,T0967,0.1,0.0,0.2,0.0
NET,T0968,0.7,0.0,1.2,0.0
NET,T0969,0.4,0.0,0.9,0.0
NET,T0970,0.4,0.0,1.1,0.0
NET,T0971,0.2,0.0,0.4,0.0
NET,T0972,0.4,0.0,0.8,0.0
NET,T0973,0.1,0.0,0.2,0.0
NET,T0974,0.4,0.0,0.8,0.0
NET,T0975,0.2,0.0,0.4,0.0
NET,T0976,0.4,0.0,0.8,0.0
NET,T0977,0.1,0.0,0.2,0.0
NET,T0978,0.4,0.0,1.1,0.0
NET,T0979,0.2,0.0,0.2,0.0
NET,T0980,0.7,0.0,1.2,0.0
NET,T0981,0.4,0.0,0.9,0.0
NET,T0982,0.4,0.0,1.1,0.0
NET,T0983,0.1,0.0,0.3,0.0
NET,T0984,0.4,0.0,0.9,0.0
NET,T0985,0.2,0.0,0.2,0.0
NET,T0986,0.4,0.0,0.8,0.0
NET,T0987,0.2,0.0,0.4,0.0
NET,T0988,0.4,0.0,0.8,0.0
NET,T0989,0.1,0.0,0.2,0.0
NET,T0990,0.4,0.0,1.2,0.0
NET,T0991,0.1,0.0,0.2,0.0
NET,T0992,0.7,0.0,1.3,0.0
NET,T0993,0.4,0.0,0.7,0.0
NET,T0994,0.4,0.0,1.1,0.0
NET,T0995,0.2,0.0,0.3,0.0
NET,T0996,0.7,0.0,1.4,0.0
NET,T0997,0.1,0.0,0.2,0.0
NET,T0998,0.5,51.0,3.2,51.0
NET,T0999,0.3,0.0,0.5,0.0
NET,T1000,0.4,0.0,0.8,0.0
