ZZZZ,taskId,date,day,full_time
ZZZZ,T0001,10:47:39,04-JUN-2023,2023-06-04 10:47:39
ZZZZ,T0002,10:47:44,04-JUN-2023,2023-06-04 10:47:44
ZZZZ,T0003,10:47:49,04-JUN-2023,2023-06-04 10:47:49
ZZZZ,T0004,10:47:54,04-JUN-2023,2023-06-04 10:47:54
ZZZZ,T0005,10:47:59,04-JUN-2023,2023-06-04 10:47:59
ZZZZ,T0006,10:48:04,04-JUN-2023,2023-06-04 10:48:04
ZZZZ,T0007,10:48:09,04-JUN-2023,2023-06-04 10:48:09
ZZZZ,T0008,10:48:14,04-JUN-2023,2023-06-04 10:48:14
ZZZZ,T0009,10:48:19,04-JUN-2023,2023-06-04 10:48:19
ZZZZ,T0010,10:48:24,04-JUN-2023,2023-06-04 10:48:24
ZZZZ,T0011,10:48:29,04-JUN-2023,2023-06-04 10:48:29
ZZZZ,T0012,10:48:34,04-JUN-2023,2023-06-04 10:48:34
ZZZZ,T0013,10:48:39,04-JUN-2023,2023-06-04 10:48:39
ZZZZ,T0014,10:48:44,04-JUN-2023,2023-06-04 10:48:44
ZZZZ,T0015,10:48:49,04-JUN-2023,2023-06-04 10:48:49
ZZZZ,T0016,10:48:54,04-JUN-2023,2023-06-04 10:48:54
ZZZZ,T0017,10:48:59,04-JUN-2023,2023-06-04 10:48:59
ZZZZ,T0018,10:49:04,04-JUN-2023,2023-06-04 10:49:04
ZZZZ,T0019,10:49:09,04-JUN-2023,2023-06-04 10:49:09
ZZZZ,T0020,10:49:14,04-JUN-2023,2023-06-04 10:49:14
ZZZZ,T0021,10:49:19,04-JUN-2023,2023-06-04 10:49:19
ZZZZ,T0022,10:49:24,04-JUN-2023,2023-06-04 10:49:24
ZZZZ,T0023,10:49:29,04-JUN-2023,2023-06-04 10:49:29
ZZZZ,T0024,10:49:34,04-JUN-2023,2023-06-04 10:49:34
ZZZZ,T0025,10:49:39,04-JUN-2023,2023-06-04 10:49:39
ZZZZ,T0026,10:49:44,04-JUN-2023,2023-06-04 10:49:44
ZZZZ,T0027,10:49:49,04-JUN-2023,2023-06-04 10:49:49
ZZZZ,T0028,10:49:54,04-JUN-2023,2023-06-04 10:49:54
ZZZZ,T0029,10:49:59,04-JUN-2023,2023-06-04 10:49:59
ZZZZ,T0030,10:50:04,04-JUN-2023,2023-06-04 10:50:04
ZZZZ,T0031,10:50:09,04-JUN-2023,2023-06-04 10:50:09
ZZZZ,T0032,10:50:14,04-JUN-2023,2023-06-04 10:50:14
ZZZZ,T0033,10:50:19,04-JUN-2023,2023-06-04 10:50:19
ZZZZ,T0034,10:50:24,04-JUN-2023,2023-06-04 10:50:24
ZZZZ,T0035,10:50:29,04-JUN-2023,2023-06-04 10:50:29
ZZZZ,T0036,10:50:34,04-JUN-2023,2023-06-04 10:50:34
ZZZZ,T0037,10:50:39,04-JUN-2023,2023-06-04 10:50:39
ZZZZ,T0038,10:50:44,04-JUN-2023,2023-06-04 10:50:44
ZZZZ,T0039,10:50:49,04-JUN-2023,2023-06-04 10:50:49
ZZZZ,T0040,10:50:54,04-JUN-2023,2023-06-04 10:50:54
ZZZZ,T0041,10:50:59,04-JUN-2023,2023-06-04 10:50:59
ZZZZ,T0042,10:51:04,04-JUN-2023,2023-06-04 10:51:04
ZZZZ,T0043,10:51:09,04-JUN-2023,2023-06-04 10:51:09
ZZZZ,T0044,10:51:14,04-JUN-2023,2023-06-04 10:51:14
ZZZZ,T0045,10:51:19,04-JUN-2023,2023-06-04 10:51:19
ZZZZ,T0046,10:51:24,04-JUN-2023,2023-06-04 10:51:24
ZZZZ,T0047,10:51:29,04-JUN-2023,2023-06-04 10:51:29
ZZZZ,T0048,10:51:34,04-JUN-2023,2023-06-04 10:51:34
ZZZZ,T0049,10:51:39,04-JUN-2023,2023-06-04 10:51:39
ZZZZ,T0050,10:51:44,04-JUN-2023,2023-06-04 10:51:44
ZZZZ,T0051,10:51:49,04-JUN-2023,2023-06-04 10:51:49
ZZZZ,T0052,10:51:54,04-JUN-2023,2023-06-04 10:51:54
ZZZZ,T0053,10:51:59,04-JUN-2023,2023-06-04 10:51:59
ZZZZ,T0054,10:52:04,04-JUN-2023,2023-06-04 10:52:04
ZZZZ,T0055,10:52:09,04-JUN-2023,2023-06-04 10:52:09
ZZZZ,T0056,10:52:14,04-JUN-2023,2023-06-04 10:52:14
ZZZZ,T0057,10:52:19,04-JUN-2023,2023-06-04 10:52:19
ZZZZ,T0058,10:52:24,04-JUN-2023,2023-06-04 10:52:24
ZZZZ,T0059,10:52:29,04-JUN-2023,2023-06-04 10:52:29
ZZZZ,T0060,10:52:34,04-JUN-2023,2023-06-04 10:52:34
ZZZZ,T0061,10:52:39,04-JUN-2023,2023-06-04 10:52:39
ZZZZ,T0062,10:52:44,04-JUN-2023,2023-06-04 10:52:44
ZZZZ,T0063,10:52:49,04-JUN-2023,2023-06-04 10:52:49
ZZZZ,T0064,10:52:54,04-JUN-2023,2023-06-04 10:52:54
ZZZZ,T0065,10:52:59,04-JUN-2023,2023-06-04 10:52:59
ZZZZ,T0066,10:53:04,04-JUN-2023,2023-06-04 10:53:04
ZZZZ,T0067,10:53:09,04-JUN-2023,2023-06-04 10:53:09
ZZZZ,T0068,10:53:14,04-JUN-2023,2023-06-04 10:53:14
ZZZZ,T0069,10:53:19,04-JUN-2023,2023-06-04 10:53:19
ZZZZ,T0070,10:53:24,04-JUN-2023,2023-06-04 10:53:24
ZZZZ,T0071,10:53:29,04-JUN-2023,2023-06-04 10:53:29
ZZZZ,T0072,10:53:34,04-JUN-2023,2023-06-04 10:53:34
ZZZZ,T0073,10:53:39,04-JUN-2023,2023-06-04 10:53:39
ZZZZ,T0074,10:53:44,04-JUN-2023,2023-06-04 10:53:44
ZZZZ,T0075,10:53:49,04-JUN-2023,2023-06-04 10:53:49
ZZZZ,T0076,10:53:54,04-JUN-2023,2023-06-04 10:53:54
ZZZZ,T0077,10:53:59,04-JUN-2023,2023-06-04 10:53:59
ZZZZ,T0078,10:54:04,04-JUN-2023,2023-06-04 10:54:04
ZZZZ,T0079,10:54:09,04-JUN-2023,2023-06-04 10:54:09
ZZZZ,T0080,10:54:14,04-JUN-2023,2023-06-04 10:54:14
ZZZZ,T0081,10:54:19,04-JUN-2023,2023-06-04 10:54:19
ZZZZ,T0082,10:54:24,04-JUN-2023,2023-06-04 10:54:24
ZZZZ,T0083,10:54:29,04-JUN-2023,2023-06-04 10:54:29
ZZZZ,T0084,10:54:34,04-JUN-2023,2023-06-04 10:54:34
ZZZZ,T0085,10:54:39,04-JUN-2023,2023-06-04 10:54:39
ZZZZ,T0086,10:54:44,04-JUN-2023,2023-06-04 10:54:44
ZZZZ,T0087,10:54:49,04-JUN-2023,2023-06-04 10:54:49
ZZZZ,T0088,10:54:54,04-JUN-2023,2023-06-04 10:54:54
ZZZZ,T0089,10:54:59,04-JUN-2023,2023-06-04 10:54:59
ZZZZ,T0090,10:55:04,04-JUN-2023,2023-06-04 10:55:04
ZZZZ,T0091,10:55:09,04-JUN-2023,2023-06-04 10:55:09
ZZZZ,T0092,10:55:14,04-JUN-2023,2023-06-04 10:55:14
ZZZZ,T0093,10:55:19,04-JUN-2023,2023-06-04 10:55:19
ZZZZ,T0094,10:55:24,04-JUN-2023,2023-06-04 10:55:24
ZZZZ,T0095,10:55:29,04-JUN-2023,2023-06-04 10:55:29
ZZZZ,T0096,10:55:34,04-JUN-2023,2023-06-04 10:55:34
ZZZZ,T0097,10:55:39,04-JUN-2023,2023-06-04 10:55:39
ZZZZ,T0098,10:55:44,04-JUN-2023,2023-06-04 10:55:44
ZZZZ,T0099,10:55:49,04-JUN-2023,2023-06-04 10:55:49
ZZZZ,T0100,10:55:54,04-JUN-2023,2023-06-04 10:55:54
ZZZZ,T0101,10:55:59,04-JUN-2023,2023-06-04 10:55:59
ZZZZ,T0102,10:56:04,04-JUN-2023,2023-06-04 10:56:04
ZZZZ,T0103,10:56:09,04-JUN-2023,2023-06-04 10:56:09
ZZZZ,T0104,10:56:14,04-JUN-2023,2023-06-04 10:56:14
ZZZZ,T0105,10:56:19,04-JUN-2023,2023-06-04 10:56:19
ZZZZ,T0106,10:56:24,04-JUN-2023,2023-06-04 10:56:24
ZZZZ,T0107,10:56:29,04-JUN-2023,2023-06-04 10:56:29
ZZZZ,T0108,10:56:34,04-JUN-2023,2023-06-04 10:56:34
ZZZZ,T0109,10:56:39,04-JUN-2023,2023-06-04 10:56:39
ZZZZ,T0110,10:56:44,04-JUN-2023,2023-06-04 10:56:44
ZZZZ,T0111,10:56:49,04-JUN-2023,2023-06-04 10:56:49
ZZZZ,T0112,10:56:54,04-JUN-2023,2023-06-04 10:56:54
ZZZZ,T0113,10:56:59,04-JUN-2023,2023-06-04 10:56:59
ZZZZ,T0114,10:57:04,04-JUN-2023,2023-06-04 10:57:04
ZZZZ,T0115,10:57:09,04-JUN-2023,2023-06-04 10:57:09
ZZZZ,T0116,10:57:14,04-JUN-2023,2023-06-04 10:57:14
ZZZZ,T0117,10:57:19,04-JUN-2023,2023-06-04 10:57:19
ZZZZ,T0118,10:57:24,04-JUN-2023,2023-06-04 10:57:24
ZZZZ,T0119,10:57:29,04-JUN-2023,2023-06-04 10:57:29
ZZZZ,T0120,10:57:34,04-JUN-2023,2023-06-04 10:57:34
ZZZZ,T0121,10:57:39,04-JUN-2023,2023-06-04 10:57:39
ZZZZ,T0122,10:57:44,04-JUN-2023,2023-06-04 10:57:44
ZZZZ,T0123,10:57:49,04-JUN-2023,2023-06-04 10:57:49
ZZZZ,T0124,10:57:54,04-JUN-2023,2023-06-04 10:57:54
ZZZZ,T0125,10:57:59,04-JUN-2023,2023-06-04 10:57:59
ZZZZ,T0126,10:58:04,04-JUN-2023,2023-06-04 10:58:04
ZZZZ,T0127,10:58:09,04-JUN-2023,2023-06-04 10:58:09
ZZZZ,T0128,10:58:14,04-JUN-2023,2023-06-04 10:58:14
ZZZZ,T0129,10:58:19,04-JUN-2023,2023-06-04 10:58:19
ZZZZ,T0130,10:58:24,04-JUN-2023,2023-06-04 10:58:24
ZZZZ,T0131,10:58:29,04-JUN-2023,2023-06-04 10:58:29
ZZZZ,T0132,10:58:34,04-JUN-2023,2023-06-04 10:58:34
ZZZZ,T0133,10:58:40,04-JUN-2023,2023-06-04 10:58:40
ZZZZ,T0134,10:58:45,04-JUN-2023,2023-06-04 10:58:45
ZZZZ,T0135,10:58:50,04-JUN-2023,2023-06-04 10:58:50
ZZZZ,T0136,10:58:55,04-JUN-2023,2023-06-04 10:58:55
ZZZZ,T0137,10:59:00,04-JUN-2023,2023-06-04 10:59:00
ZZZZ,T0138,10:59:05,04-JUN-2023,2023-06-04 10:59:05
ZZZZ,T0139,10:59:10,04-JUN-2023,2023-06-04 10:59:10
ZZZZ,T0140,10:59:15,04-JUN-2023,2023-06-04 10:59:15
ZZZZ,T0141,10:59:20,04-JUN-2023,2023-06-04 10:59:20
ZZZZ,T0142,10:59:25,04-JUN-2023,2023-06-04 10:59:25
ZZZZ,T0143,10:59:30,04-JUN-2023,2023-06-04 10:59:30
ZZZZ,T0144,10:59:35,04-JUN-2023,2023-06-04 10:59:35
ZZZZ,T0145,10:59:40,04-JUN-2023,2023-06-04 10:59:40
ZZZZ,T0146,10:59:45,04-JUN-2023,2023-06-04 10:59:45
ZZZZ,T0147,10:59:50,04-JUN-2023,2023-06-04 10:59:50
ZZZZ,T0148,10:59:55,04-JUN-2023,2023-06-04 10:59:55
ZZZZ,T0149,11:00:00,04-JUN-2023,2023-06-04 11:00:00
ZZZZ,T0150,11:00:05,04-JUN-2023,2023-06-04 11:00:05
ZZZZ,T0151,11:00:10,04-JUN-2023,2023-06-04 11:00:10
ZZZZ,T0152,11:00:15,04-JUN-2023,2023-06-04 11:00:15
ZZZZ,T0153,11:00:20,04-JUN-2023,2023-06-04 11:00:20
ZZZZ,T0154,11:00:25,04-JUN-2023,2023-06-04 11:00:25
ZZZZ,T0155,11:00:30,04-JUN-2023,2023-06-04 11:00:30
ZZZZ,T0156,11:00:35,04-JUN-2023,2023-06-04 11:00:35
ZZZZ,T0157,11:00:40,04-JUN-2023,2023-06-04 11:00:40
ZZZZ,T0158,11:00:45,04-JUN-2023,2023-06-04 11:00:45
ZZZZ,T0159,11:00:50,04-JUN-2023,2023-06-04 11:00:50
ZZZZ,T0160,11:00:55,04-JUN-2023,2023-06-04 11:00:55
ZZZZ,T0161,11:01:00,04-JUN-2023,2023-06-04 11:01:00
ZZZZ,T0162,11:01:05,04-JUN-2023,2023-06-04 11:01:05
ZZZZ,T0163,11:01:10,04-JUN-2023,2023-06-04 11:01:10
ZZZZ,T0164,11:01:15,04-JUN-2023,2023-06-04 11:01:15
ZZZZ,T0165,11:01:20,04-JUN-2023,2023-06-04 11:01:20
ZZZZ,T0166,11:01:25,04-JUN-2023,2023-06-04 11:01:25
ZZZZ,T0167,11:01:30,04-JUN-2023,2023-06-04 11:01:30
ZZZZ,T0168,11:01:35,04-JUN-2023,2023-06-04 11:01:35
ZZZZ,T0169,11:01:40,04-JUN-2023,2023-06-04 11:01:40
ZZZZ,T0170,11:01:45,04-JUN-2023,2023-06-04 11:01:45
ZZZZ,T0171,11:01:50,04-JUN-2023,2023-06-04 11:01:50
ZZZZ,T0172,11:01:55,04-JUN-2023,2023-06-04 11:01:55
ZZZZ,T0173,11:02:00,04-JUN-2023,2023-06-04 11:02:00
ZZZZ,T0174,11:02:05,04-JUN-2023,2023-06-04 11:02:05
ZZZZ,T0175,11:02:10,04-JUN-2023,2023-06-04 11:02:10
ZZZZ,T0176,11:02:15,04-JUN-2023,2023-06-04 11:02:15
ZZZZ,T0177,11:02:20,04-JUN-2023,2023-06-04 11:02:20
ZZZZ,T0178,11:02:25,04-JUN-2023,2023-06-04 11:02:25
ZZZZ,T0179,11:02:30,04-JUN-2023,2023-06-04 11:02:30
ZZZZ,T0180,11:02:35,04-JUN-2023,2023-06-04 11:02:35
ZZZZ,T0181,11:02:40,04-JUN-2023,2023-06-04 11:02:40
ZZZZ,T0182,11:02:45,04-JUN-2023,2023-06-04 11:02:45
ZZZZ,T0183,11:02:50,04-JUN-2023,2023-06-04 11:02:50
ZZZZ,T0184,11:02:55,04-JUN-2023,2023-06-04 11:02:55
ZZZZ,T0185,11:03:00,04-JUN-2023,2023-06-04 11:03:00
ZZZZ,T0186,11:03:05,04-JUN-2023,2023-06-04 11:03:05
ZZZZ,T0187,11:03:10,04-JUN-2023,2023-06-04 11:03:10
ZZZZ,T0188,11:03:15,04-JUN-2023,2023-06-04 11:03:15
ZZZZ,T0189,11:03:20,04-JUN-2023,2023-06-04 11:03:20
ZZZZ,T0190,11:03:25,04-JUN-2023,2023-06-04 11:03:25
ZZZZ,T0191,11:03:29,04-JUN-2023,2023-06-04 11:03:29
ZZZZ,T0192,11:03:34,04-JUN-2023,2023-06-04 11:03:34
ZZZZ,T0193,11:03:39,04-JUN-2023,2023-06-04 11:03:39
ZZZZ,T0194,11:03:44,04-JUN-2023,2023-06-04 11:03:44
ZZZZ,T0195,11:03:49,04-JUN-2023,2023-06-04 11:03:49
ZZZZ,T0196,11:03:54,04-JUN-2023,2023-06-04 11:03:54
ZZZZ,T0197,11:03:59,04-JUN-2023,2023-06-04 11:03:59
ZZZZ,T0198,11:04:04,04-JUN-2023,2023-06-04 11:04:04
ZZZZ,T0199,11:04:09,04-JUN-2023,2023-06-04 11:04:09
ZZZZ,T0200,11:04:14,04-JUN-2023,2023-06-04 11:04:14
ZZZZ,T0201,11:04:19,04-JUN-2023,2023-06-04 11:04:19
ZZZZ,T0202,11:04:24,04-JUN-2023,2023-06-04 11:04:24
ZZZZ,T0203,11:04:29,04-JUN-2023,2023-06-04 11:04:29
ZZZZ,T0204,11:04:34,04-JUN-2023,2023-06-04 11:04:34
ZZZZ,T0205,11:04:39,04-JUN-2023,2023-06-04 11:04:39
ZZZZ,T0206,11:04:44,04-JUN-2023,2023-06-04 11:04:44
ZZZZ,T0207,11:04:49,04-JUN-2023,2023-06-04 11:04:49
ZZZZ,T0208,11:04:54,04-JUN-2023,2023-06-04 11:04:54
ZZZZ,T0209,11:04:59,04-JUN-2023,2023-06-04 11:04:59
ZZZZ,T0210,11:05:04,04-JUN-2023,2023-06-04 11:05:04
ZZZZ,T0211,11:05:09,04-JUN-2023,2023-06-04 11:05:09
ZZZZ,T0212,11:05:14,04-JUN-2023,2023-06-04 11:05:14
ZZZZ,T0213,11:05:19,04-JUN-2023,2023-06-04 11:05:19
ZZZZ,T0214,11:05:24,04-JUN-2023,2023-06-04 11:05:24
ZZZZ,T0215,11:05:29,04-JUN-2023,2023-06-04 11:05:29
ZZZZ,T0216,11:05:34,04-JUN-2023,2023-06-04 11:05:34
ZZZZ,T0217,11:05:39,04-JUN-2023,2023-06-04 11:05:39
ZZZZ,T0218,11:05:44,04-JUN-2023,2023-06-04 11:05:44
ZZZZ,T0219,11:05:49,04-JUN-2023,2023-06-04 11:05:49
ZZZZ,T0220,11:05:54,04-JUN-2023,2023-06-04 11:05:54
ZZZZ,T0221,11:05:59,04-JUN-2023,2023-06-04 11:05:59
ZZZZ,T0222,11:06:04,04-JUN-2023,2023-06-04 11:06:04
ZZZZ,T0223,11:06:09,04-JUN-2023,2023-06-04 11:06:09
ZZZZ,T0224,11:06:14,04-JUN-2023,2023-06-04 11:06:14
ZZZZ,T0225,11:06:19,04-JUN-2023,2023-06-04 11:06:19
ZZZZ,T0226,11:06:24,04-JUN-2023,2023-06-04 11:06:24
ZZZZ,T0227,11:06:29,04-JUN-2023,2023-06-04 11:06:29
ZZZZ,T0228,11:06:34,04-JUN-2023,2023-06-04 11:06:34
ZZZZ,T0229,11:06:39,04-JUN-2023,2023-06-04 11:06:39
ZZZZ,T0230,11:06:44,04-JUN-2023,2023-06-04 11:06:44
ZZZZ,T0231,11:06:49,04-JUN-2023,2023-06-04 11:06:49
ZZZZ,T0232,11:06:54,04-JUN-2023,2023-06-04 11:06:54
ZZZZ,T0233,11:06:59,04-JUN-2023,2023-06-04 11:06:59
ZZZZ,T0234,11:07:04,04-JUN-2023,2023-06-04 11:07:04
ZZZZ,T0235,11:07:09,04-JUN-2023,2023-06-04 11:07:09
ZZZZ,T0236,11:07:14,04-JUN-2023,2023-06-04 11:07:14
ZZZZ,T0237,11:07:19,04-JUN-2023,2023-06-04 11:07:19
ZZZZ,T0238,11:07:24,04-JUN-2023,2023-06-04 11:07:24
ZZZZ,T0239,11:07:29,04-JUN-2023,2023-06-04 11:07:29
ZZZZ,T0240,11:07:34,04-JUN-2023,2023-06-04 11:07:34
ZZZZ,T0241,11:07:39,04-JUN-2023,2023-06-04 11:07:39
ZZZZ,T0242,11:07:44,04-JUN-2023,2023-06-04 11:07:44
ZZZZ,T0243,11:07:49,04-JUN-2023,2023-06-04 11:07:49
ZZZZ,T0244,11:07:54,04-JUN-2023,2023-06-04 11:07:54
ZZZZ,T0245,11:07:59,04-JUN-2023,2023-06-04 11:07:59
ZZZZ,T0246,11:08:04,04-JUN-2023,2023-06-04 11:08:04
ZZZZ,T0247,11:08:09,04-JUN-2023,2023-06-04 11:08:09
ZZZZ,T0248,11:08:14,04-JUN-2023,2023-06-04 11:08:14
ZZZZ,T0249,11:08:19,04-JUN-2023,2023-06-04 11:08:19
ZZZZ,T0250,11:08:24,04-JUN-2023,2023-06-04 11:08:24
ZZZZ,T0251,11:08:29,04-JUN-2023,2023-06-04 11:08:29
ZZZZ,T0252,11:08:34,04-JUN-2023,2023-06-04 11:08:34
ZZZZ,T0253,11:08:39,04-JUN-2023,2023-06-04 11:08:39
ZZZZ,T0254,11:08:44,04-JUN-2023,2023-06-04 11:08:44
ZZZZ,T0255,11:08:49,04-JUN-2023,2023-06-04 11:08:49
ZZZZ,T0256,11:08:54,04-JUN-2023,2023-06-04 11:08:54
ZZZZ,T0257,11:08:59,04-JUN-2023,2023-06-04 11:08:59
ZZZZ,T0258,11:09:04,04-JUN-2023,2023-06-04 11:09:04
ZZZZ,T0259,11:09:09,04-JUN-2023,2023-06-04 11:09:09
ZZZZ,T0260,11:09:14,04-JUN-2023,2023-06-04 11:09:14
ZZZZ,T0261,11:09:19,04-JUN-2023,2023-06-04 11:09:19
ZZZZ,T0262,11:09:24,04-JUN-2023,2023-06-04 11:09:24
ZZZZ,T0263,11:09:29,04-JUN-2023,2023-06-04 11:09:29
ZZZZ,T0264,11:09:34,04-JUN-2023,2023-06-04 11:09:34
ZZZZ,T0265,11:09:39,04-JUN-2023,2023-06-04 11:09:39
ZZZZ,T0266,11:09:44,04-JUN-2023,2023-06-04 11:09:44
ZZZZ,T0267,11:09:49,04-JUN-2023,2023-06-04 11:09:49
ZZZZ,T0268,11:09:54,04-JUN-2023,2023-06-04 11:09:54
ZZZZ,T0269,11:09:59,04-JUN-2023,2023-06-04 11:09:59
ZZZZ,T0270,11:10:04,04-JUN-2023,2023-06-04 11:10:04
ZZZZ,T0271,11:10:09,04-JUN-2023,2023-06-04 11:10:09
ZZZZ,T0272,11:10:14,04-JUN-2023,2023-06-04 11:10:14
ZZZZ,T0273,11:10:19,04-JUN-2023,2023-06-04 11:10:19
ZZZZ,T0274,11:10:24,04-JUN-2023,2023-06-04 11:10:24
ZZZZ,T0275,11:10:29,04-JUN-2023,2023-06-04 11:10:29
ZZZZ,T0276,11:10:34,04-JUN-2023,2023-06-04 11:10:34
ZZZZ,T0277,11:10:39,04-JUN-2023,2023-06-04 11:10:39
ZZZZ,T0278,11:10:44,04-JUN-2023,2023-06-04 11:10:44
ZZZZ,T0279,11:10:49,04-JUN-2023,2023-06-04 11:10:49
ZZZZ,T0280,11:10:54,04-JUN-2023,2023-06-04 11:10:54
ZZZZ,T0281,11:10:59,04-JUN-2023,2023-06-04 11:10:59
ZZZZ,T0282,11:11:04,04-JUN-2023,2023-06-04 11:11:04
ZZZZ,T0283,11:11:09,04-JUN-2023,2023-06-04 11:11:09
ZZZZ,T0284,11:11:14,04-JUN-2023,2023-06-04 11:11:14
ZZZZ,T0285,11:11:19,04-JUN-2023,2023-06-04 11:11:19
ZZZZ,T0286,11:11:24,04-JUN-2023,2023-06-04 11:11:24
ZZZZ,T0287,11:11:29,04-JUN-2023,2023-06-04 11:11:29
ZZZZ,T0288,11:11:34,04-JUN-2023,2023-06-04 11:11:34
ZZZZ,T0289,11:11:39,04-JUN-2023,2023-06-04 11:11:39
ZZZZ,T0290,11:11:44,04-JUN-2023,2023-06-04 11:11:44
ZZZZ,T0291,11:11:49,04-JUN-2023,2023-06-04 11:11:49
ZZZZ,T0292,11:11:54,04-JUN-2023,2023-06-04 11:11:54
ZZZZ,T0293,11:11:59,04-JUN-2023,2023-06-04 11:11:59
ZZZZ,T0294,11:12:04,04-JUN-2023,2023-06-04 11:12:04
ZZZZ,T0295,11:12:09,04-JUN-2023,2023-06-04 11:12:09
ZZZZ,T0296,11:12:14,04-JUN-2023,2023-06-04 11:12:14
ZZZZ,T0297,11:12:19,04-JUN-2023,2023-06-04 11:12:19
ZZZZ,T0298,11:12:24,04-JUN-2023,2023-06-04 11:12:24
ZZZZ,T0299,11:12:29,04-JUN-2023,2023-06-04 11:12:29
ZZZZ,T0300,11:12:34,04-JUN-2023,2023-06-04 11:12:34
ZZZZ,T0301,11:12:39,04-JUN-2023,2023-06-04 11:12:39
ZZZZ,T0302,11:12:44,04-JUN-2023,2023-06-04 11:12:44
ZZZZ,T0303,11:12:49,04-JUN-2023,2023-06-04 11:12:49
ZZZZ,T0304,11:12:54,04-JUN-2023,2023-06-04 11:12:54
ZZZZ,T0305,11:12:59,04-JUN-2023,2023-06-04 11:12:59
ZZZZ,T0306,11:13:04,04-JUN-2023,2023-06-04 11:13:04
ZZZZ,T0307,11:13:09,04-JUN-2023,2023-06-04 11:13:09
ZZZZ,T0308,11:13:14,04-JUN-2023,2023-06-04 11:13:14
ZZZZ,T0309,11:13:19,04-JUN-2023,2023-06-04 11:13:19
ZZZZ,T0310,11:13:24,04-JUN-2023,2023-06-04 11:13:24
ZZZZ,T0311,11:13:29,04-JUN-2023,2023-06-04 11:13:29
ZZZZ,T0312,11:13:34,04-JUN-2023,2023-06-04 11:13:34
ZZZZ,T0313,11:13:40,04-JUN-2023,2023-06-04 11:13:40
ZZZZ,T0314,11:13:45,04-JUN-2023,2023-06-04 11:13:45
ZZZZ,T0315,11:13:50,04-JUN-2023,2023-06-04 11:13:50
ZZZZ,T0316,11:13:55,04-JUN-2023,2023-06-04 11:13:55
ZZZZ,T0317,11:14:00,04-JUN-2023,2023-06-04 11:14:00
ZZZZ,T0318,11:14:05,04-JUN-2023,2023-06-04 11:14:05
ZZZZ,T0319,11:14:10,04-JUN-2023,2023-06-04 11:14:10
ZZZZ,T0320,11:14:15,04-JUN-2023,2023-06-04 11:14:15
ZZZZ,T0321,11:14:20,04-JUN-2023,2023-06-04 11:14:20
ZZZZ,T0322,11:14:25,04-JUN-2023,2023-06-04 11:14:25
ZZZZ,T0323,11:14:30,04-JUN-2023,2023-06-04 11:14:30
ZZZZ,T0324,11:14:35,04-JUN-2023,2023-06-04 11:14:35
ZZZZ,T0325,11:14:40,04-JUN-2023,2023-06-04 11:14:40
ZZZZ,T0326,11:14:45,04-JUN-2023,2023-06-04 11:14:45
ZZZZ,T0327,11:14:50,04-JUN-2023,2023-06-04 11:14:50
ZZZZ,T0328,11:14:55,04-JUN-2023,2023-06-04 11:14:55
ZZZZ,T0329,11:15:00,04-JUN-2023,2023-06-04 11:15:00
ZZZZ,T0330,11:15:05,04-JUN-2023,2023-06-04 11:15:05
ZZZZ,T0331,11:15:10,04-JUN-2023,2023-06-04 11:15:10
ZZZZ,T0332,11:15:15,04-JUN-2023,2023-06-04 11:15:15
ZZZZ,T0333,11:15:20,04-JUN-2023,2023-06-04 11:15:20
ZZZZ,T0334,11:15:25,04-JUN-2023,2023-06-04 11:15:25
ZZZZ,T0335,11:15:30,04-JUN-2023,2023-06-04 11:15:30
ZZZZ,T0336,11:15:35,04-JUN-2023,2023-06-04 11:15:35
ZZZZ,T0337,11:15:40,04-JUN-2023,2023-06-04 11:15:40
ZZZZ,T0338,11:15:45,04-JUN-2023,2023-06-04 11:15:45
ZZZZ,T0339,11:15:50,04-JUN-2023,2023-06-04 11:15:50
ZZZZ,T0340,11:15:55,04-JUN-2023,2023-06-04 11:15:55
ZZZZ,T0341,11:16:00,04-JUN-2023,2023-06-04 11:16:00
ZZZZ,T0342,11:16:05,04-JUN-2023,2023-06-04 11:16:05
ZZZZ,T0343,11:16:10,04-JUN-2023,2023-06-04 11:16:10
ZZZZ,T0344,11:16:15,04-JUN-2023,2023-06-04 11:16:15
ZZZZ,T0345,11:16:20,04-JUN-2023,2023-06-04 11:16:20
ZZZZ,T0346,11:16:25,04-JUN-2023,2023-06-04 11:16:25
ZZZZ,T0347,11:16:30,04-JUN-2023,2023-06-04 11:16:30
ZZZZ,T0348,11:16:35,04-JUN-2023,2023-06-04 11:16:35
ZZZZ,T0349,11:16:40,04-JUN-2023,2023-06-04 11:16:40
ZZZZ,T0350,11:16:45,04-JUN-2023,2023-06-04 11:16:45
ZZZZ,T0351,11:16:50,04-JUN-2023,2023-06-04 11:16:50
ZZZZ,T0352,11:16:55,04-JUN-2023,2023-06-04 11:16:55
ZZZZ,T0353,11:17:00,04-JUN-2023,2023-06-04 11:17:00
ZZZZ,T0354,11:17:05,04-JUN-2023,2023-06-04 11:17:05
ZZZZ,T0355,11:17:10,04-JUN-2023,2023-06-04 11:17:10
ZZZZ,T0356,11:17:15,04-JUN-2023,2023-06-04 11:17:15
ZZZZ,T0357,11:17:20,04-JUN-2023,2023-06-04 11:17:20
ZZZZ,T0358,11:17:25,04-JUN-2023,2023-06-04 11:17:25
ZZZZ,T0359,11:17:30,04-JUN-2023,2023-06-04 11:17:30
ZZZZ,T0360,11:17:35,04-JUN-2023,2023-06-04 11:17:35
ZZZZ,T0361,11:17:40,04-JUN-2023,2023-06-04 11:17:40
ZZZZ,T0362,11:17:45,04-JUN-2023,2023-06-04 11:17:45
ZZZZ,T0363,11:17:50,04-JUN-2023,2023-06-04 11:17:50
ZZZZ,T0364,11:17:55,04-JUN-2023,2023-06-04 11:17:55
ZZZZ,T0365,11:18:00,04-JUN-2023,2023-06-04 11:18:00
ZZZZ,T0366,11:18:05,04-JUN-2023,2023-06-04 11:18:05
ZZZZ,T0367,11:18:10,04-JUN-2023,2023-06-04 11:18:10
ZZZZ,T0368,11:18:15,04-JUN-2023,2023-06-04 11:18:15
ZZZZ,T0369,11:18:20,04-JUN-2023,2023-06-04 11:18:20
ZZZZ,T0370,11:18:24,04-JUN-2023,2023-06-04 11:18:24
ZZZZ,T0371,11:18:29,04-JUN-2023,2023-06-04 11:18:29
ZZZZ,T0372,11:18:34,04-JUN-2023,2023-06-04 11:18:34
ZZZZ,T0373,11:18:39,04-JUN-2023,2023-06-04 11:18:39
ZZZZ,T0374,11:18:44,04-JUN-2023,2023-06-04 11:18:44
ZZZZ,T0375,11:18:49,04-JUN-2023,2023-06-04 11:18:49
ZZZZ,T0376,11:18:54,04-JUN-2023,2023-06-04 11:18:54
ZZZZ,T0377,11:18:59,04-JUN-2023,2023-06-04 11:18:59
ZZZZ,T0378,11:19:04,04-JUN-2023,2023-06-04 11:19:04
ZZZZ,T0379,11:19:09,04-JUN-2023,2023-06-04 11:19:09
ZZZZ,T0380,11:19:14,04-JUN-2023,2023-06-04 11:19:14
ZZZZ,T0381,11:19:19,04-JUN-2023,2023-06-04 11:19:19
ZZZZ,T0382,11:19:24,04-JUN-2023,2023-06-04 11:19:24
ZZZZ,T0383,11:19:29,04-JUN-2023,2023-06-04 11:19:29
ZZZZ,T0384,11:19:34,04-JUN-2023,2023-06-04 11:19:34
ZZZZ,T0385,11:19:39,04-JUN-2023,2023-06-04 11:19:39
ZZZZ,T0386,11:19:44,04-JUN-2023,2023-06-04 11:19:44
ZZZZ,T0387,11:19:49,04-JUN-2023,2023-06-04 11:19:49
ZZZZ,T0388,11:19:54,04-JUN-2023,2023-06-04 11:19:54
ZZZZ,T0389,11:19:59,04-JUN-2023,2023-06-04 11:19:59
ZZZZ,T0390,11:20:04,04-JUN-2023,2023-06-04 11:20:04
ZZZZ,T0391,11:20:09,04-JUN-2023,2023-06-04 11:20:09
ZZZZ,T0392,11:20:14,04-JUN-2023,2023-06-04 11:20:14
ZZZZ,T0393,11:20:19,04-JUN-2023,2023-06-04 11:20:19
ZZZZ,T0394,11:20:24,04-JUN-2023,2023-06-04 11:20:24
ZZZZ,T0395,11:20:29,04-JUN-2023,2023-06-04 11:20:29
ZZZZ,T0396,11:20:34,04-JUN-2023,2023-06-04 11:20:34
ZZZZ,T0397,11:20:39,04-JUN-2023,2023-06-04 11:20:39
ZZZZ,T0398,11:20:44,04-JUN-2023,2023-06-04 11:20:44
ZZZZ,T0399,11:20:49,04-JUN-2023,2023-06-04 11:20:49
ZZZZ,T0400,11:20:54,04-JUN-2023,2023-06-04 11:20:54
ZZZZ,T0401,11:20:59,04-JUN-2023,2023-06-04 11:20:59
ZZZZ,T0402,11:21:04,04-JUN-2023,2023-06-04 11:21:04
ZZZZ,T0403,11:21:09,04-JUN-2023,2023-06-04 11:21:09
ZZZZ,T0404,11:21:14,04-JUN-2023,2023-06-04 11:21:14
ZZZZ,T0405,11:21:19,04-JUN-2023,2023-06-04 11:21:19
ZZZZ,T0406,11:21:24,04-JUN-2023,2023-06-04 11:21:24
ZZZZ,T0407,11:21:29,04-JUN-2023,2023-06-04 11:21:29
ZZZZ,T0408,11:21:34,04-JUN-2023,2023-06-04 11:21:34
ZZZZ,T0409,11:21:39,04-JUN-2023,2023-06-04 11:21:39
ZZZZ,T0410,11:21:44,04-JUN-2023,2023-06-04 11:21:44
ZZZZ,T0411,11:21:49,04-JUN-2023,2023-06-04 11:21:49
ZZZZ,T0412,11:21:54,04-JUN-2023,2023-06-04 11:21:54
ZZZZ,T0413,11:21:59,04-JUN-2023,2023-06-04 11:21:59
ZZZZ,T0414,11:22:04,04-JUN-2023,2023-06-04 11:22:04
ZZZZ,T0415,11:22:09,04-JUN-2023,2023-06-04 11:22:09
ZZZZ,T0416,11:22:14,04-JUN-2023,2023-06-04 11:22:14
ZZZZ,T0417,11:22:19,04-JUN-2023,2023-06-04 11:22:19
ZZZZ,T0418,11:22:24,04-JUN-2023,2023-06-04 11:22:24
ZZZZ,T0419,11:22:29,04-JUN-2023,2023-06-04 11:22:29
ZZZZ,T0420,11:22:34,04-JUN-2023,2023-06-04 11:22:34
ZZZZ,T0421,11:22:39,04-JUN-2023,2023-06-04 11:22:39
ZZZZ,T0422,11:22:44,04-JUN-2023,2023-06-04 11:22:44
ZZZZ,T0423,11:22:49,04-JUN-2023,2023-06-04 11:22:49
ZZZZ,T0424,11:22:54,04-JUN-2023,2023-06-04 11:22:54
ZZZZ,T0425,11:22:59,04-JUN-2023,2023-06-04 11:22:59
ZZZZ,T0426,11:23:04,04-JUN-2023,2023-06-04 11:23:04
ZZZZ,T0427,11:23:09,04-JUN-2023,2023-06-04 11:23:09
ZZZZ,T0428,11:23:14,04-JUN-2023,2023-06-04 11:23:14
ZZZZ,T0429,11:23:19,04-JUN-2023,2023-06-04 11:23:19
ZZZZ,T0430,11:23:24,04-JUN-2023,2023-06-04 11:23:24
ZZZZ,T0431,11:23:29,04-JUN-2023,2023-06-04 11:23:29
ZZZZ,T0432,11:23:34,04-JUN-2023,2023-06-04 11:23:34
ZZZZ,T0433,11:23:39,04-JUN-2023,2023-06-04 11:23:39
ZZZZ,T0434,11:23:44,04-JUN-2023,2023-06-04 11:23:44
ZZZZ,T0435,11:23:49,04-JUN-2023,2023-06-04 11:23:49
ZZZZ,T0436,11:23:54,04-JUN-2023,2023-06-04 11:23:54
ZZZZ,T0437,11:23:59,04-JUN-2023,2023-06-04 11:23:59
ZZZZ,T0438,11:24:04,04-JUN-2023,2023-06-04 11:24:04
ZZZZ,T0439,11:24:09,04-JUN-2023,2023-06-04 11:24:09
ZZZZ,T0440,11:24:14,04-JUN-2023,2023-06-04 11:24:14
ZZZZ,T0441,11:24:19,04-JUN-2023,2023-06-04 11:24:19
ZZZZ,T0442,11:24:24,04-JUN-2023,2023-06-04 11:24:24
ZZZZ,T0443,11:24:29,04-JUN-2023,2023-06-04 11:24:29
ZZZZ,T0444,11:24:34,04-JUN-2023,2023-06-04 11:24:34
ZZZZ,T0445,11:24:39,04-JUN-2023,2023-06-04 11:24:39
ZZZZ,T0446,11:24:44,04-JUN-2023,2023-06-04 11:24:44
ZZZZ,T0447,11:24:49,04-JUN-2023,2023-06-04 11:24:49
ZZZZ,T0448,11:24:54,04-JUN-2023,2023-06-04 11:24:54
ZZZZ,T0449,11:24:59,04-JUN-2023,2023-06-04 11:24:59
ZZZZ,T0450,11:25:04,04-JUN-2023,2023-06-04 11:25:04
ZZZZ,T0451,11:25:09,04-JUN-2023,2023-06-04 11:25:09
ZZZZ,T0452,11:25:14,04-JUN-2023,2023-06-04 11:25:14
ZZZZ,T0453,11:25:19,04-JUN-2023,2023-06-04 11:25:19
ZZZZ,T0454,11:25:24,04-JUN-2023,2023-06-04 11:25:24
ZZZZ,T0455,11:25:29,04-JUN-2023,2023-06-04 11:25:29
ZZZZ,T0456,11:25:34,04-JUN-2023,2023-06-04 11:25:34
ZZZZ,T0457,11:25:39,04-JUN-2023,2023-06-04 11:25:39
ZZZZ,T0458,11:25:44,04-JUN-2023,2023-06-04 11:25:44
ZZZZ,T0459,11:25:49,04-JUN-2023,2023-06-04 11:25:49
ZZZZ,T0460,11:25:54,04-JUN-2023,2023-06-04 11:25:54
ZZZZ,T0461,11:25:59,04-JUN-2023,2023-06-04 11:25:59
ZZZZ,T0462,11:26:04,04-JUN-2023,2023-06-04 11:26:04
ZZZZ,T0463,11:26:09,04-JUN-2023,2023-06-04 11:26:09
ZZZZ,T0464,11:26:14,04-JUN-2023,2023-06-04 11:26:14
ZZZZ,T0465,11:26:19,04-JUN-2023,2023-06-04 11:26:19
ZZZZ,T0466,11:26:24,04-JUN-2023,2023-06-04 11:26:24
ZZZZ,T0467,11:26:29,04-JUN-2023,2023-06-04 11:26:29
ZZZZ,T0468,11:26:34,04-JUN-2023,2023-06-04 11:26:34
ZZZZ,T0469,11:26:39,04-JUN-2023,2023-06-04 11:26:39
ZZZZ,T0470,11:26:44,04-JUN-2023,2023-06-04 11:26:44
ZZZZ,T0471,11:26:49,04-JUN-2023,2023-06-04 11:26:49
ZZZZ,T0472,11:26:54,04-JUN-2023,2023-06-04 11:26:54
ZZZZ,T0473,11:26:59,04-JUN-2023,2023-06-04 11:26:59
ZZZZ,T0474,11:27:04,04-JUN-2023,2023-06-04 11:27:04
ZZZZ,T0475,11:27:09,04-JUN-2023,2023-06-04 11:27:09
ZZZZ,T0476,11:27:14,04-JUN-2023,2023-06-04 11:27:14
ZZZZ,T0477,11:27:19,04-JUN-2023,2023-06-04 11:27:19
ZZZZ,T0478,11:27:24,04-JUN-2023,2023-06-04 11:27:24
ZZZZ,T0479,11:27:29,04-JUN-2023,2023-06-04 11:27:29
ZZZZ,T0480,11:27:34,04-JUN-2023,2023-06-04 11:27:34
ZZZZ,T0481,11:27:39,04-JUN-2023,2023-06-04 11:27:39
ZZZZ,T0482,11:27:44,04-JUN-2023,2023-06-04 11:27:44
ZZZZ,T0483,11:27:49,04-JUN-2023,2023-06-04 11:27:49
ZZZZ,T0484,11:27:54,04-JUN-2023,2023-06-04 11:27:54
ZZZZ,T0485,11:28:00,04-JUN-2023,2023-06-04 11:28:00
ZZZZ,T0486,11:28:05,04-JUN-2023,2023-06-04 11:28:05
ZZZZ,T0487,11:28:10,04-JUN-2023,2023-06-04 11:28:10
ZZZZ,T0488,11:28:15,04-JUN-2023,2023-06-04 11:28:15
ZZZZ,T0489,11:28:20,04-JUN-2023,2023-06-04 11:28:20
ZZZZ,T0490,11:28:25,04-JUN-2023,2023-06-04 11:28:25
ZZZZ,T0491,11:28:30,04-JUN-2023,2023-06-04 11:28:30
ZZZZ,T0492,11:28:35,04-JUN-2023,2023-06-04 11:28:35
ZZZZ,T0493,11:28:40,04-JUN-2023,2023-06-04 11:28:40
ZZZZ,T0494,11:28:45,04-JUN-2023,2023-06-04 11:28:45
ZZZZ,T0495,11:28:50,04-JUN-2023,2023-06-04 11:28:50
ZZZZ,T0496,11:28:55,04-JUN-2023,2023-06-04 11:28:55
ZZZZ,T0497,11:29:00,04-JUN-2023,2023-06-04 11:29:00
ZZZZ,T0498,11:29:05,04-JUN-2023,2023-06-04 11:29:05
ZZZZ,T0499,11:29:10,04-JUN-2023,2023-06-04 11:29:10
ZZZZ,T0500,11:29:15,04-JUN-2023,2023-06-04 11:29:15
ZZZZ,T0501,11:29:20,04-JUN-2023,2023-06-04 11:29:20
ZZZZ,T0502,11:29:25,04-JUN-2023,2023-06-04 11:29:25
ZZZZ,T0503,11:29:30,04-JUN-2023,2023-06-04 11:29:30
ZZZZ,T0504,11:29:35,04-JUN-2023,2023-06-04 11:29:35
ZZZZ,T0505,11:29:40,04-JUN-2023,2023-06-04 11:29:40
ZZZZ,T0506,11:29:45,04-JUN-2023,2023-06-04 11:29:45
ZZZZ,T0507,11:29:50,04-JUN-2023,2023-06-04 11:29:50
ZZZZ,T0508,11:29:55,04-JUN-2023,2023-06-04 11:29:55
ZZZZ,T0509,11:30:00,04-JUN-2023,2023-06-04 11:30:00
ZZZZ,T0510,11:30:05,04-JUN-2023,2023-06-04 11:30:05
ZZZZ,T0511,11:30:10,04-JUN-2023,2023-06-04 11:30:10
ZZZZ,T0512,11:30:15,04-JUN-2023,2023-06-04 11:30:15
ZZZZ,T0513,11:30:20,04-JUN-2023,2023-06-04 11:30:20
ZZZZ,T0514,11:30:25,04-JUN-2023,2023-06-04 11:30:25
ZZZZ,T0515,11:30:30,04-JUN-2023,2023-06-04 11:30:30
ZZZZ,T0516,11:30:35,04-JUN-2023,2023-06-04 11:30:35
ZZZZ,T0517,11:30:40,04-JUN-2023,2023-06-04 11:30:40
ZZZZ,T0518,11:30:45,04-JUN-2023,2023-06-04 11:30:45
ZZZZ,T0519,11:30:50,04-JUN-2023,2023-06-04 11:30:50
ZZZZ,T0520,11:30:55,04-JUN-2023,2023-06-04 11:30:55
ZZZZ,T0521,11:31:00,04-JUN-2023,2023-06-04 11:31:00
ZZZZ,T0522,11:31:05,04-JUN-2023,2023-06-04 11:31:05
ZZZZ,T0523,11:31:10,04-JUN-2023,2023-06-04 11:31:10
ZZZZ,T0524,11:31:15,04-JUN-2023,2023-06-04 11:31:15
ZZZZ,T0525,11:31:20,04-JUN-2023,2023-06-04 11:31:20
ZZZZ,T0526,11:31:25,04-JUN-2023,2023-06-04 11:31:25
ZZZZ,T0527,11:31:30,04-JUN-2023,2023-06-04 11:31:30
ZZZZ,T0528,11:31:35,04-JUN-2023,2023-06-04 11:31:35
ZZZZ,T0529,11:31:40,04-JUN-2023,2023-06-04 11:31:40
ZZZZ,T0530,11:31:45,04-JUN-2023,2023-06-04 11:31:45
ZZZZ,T0531,11:31:50,04-JUN-2023,2023-06-04 11:31:50
ZZZZ,T0532,11:31:55,04-JUN-2023,2023-06-04 11:31:55
ZZZZ,T0533,11:32:00,04-JUN-2023,2023-06-04 11:32:00
ZZZZ,T0534,11:32:05,04-JUN-2023,2023-06-04 11:32:05
ZZZZ,T0535,11:32:10,04-JUN-2023,2023-06-04 11:32:10
ZZZZ,T0536,11:32:15,04-JUN-2023,2023-06-04 11:32:15
ZZZZ,T0537,11:32:20,04-JUN-2023,2023-06-04 11:32:20
ZZZZ,T0538,11:32:25,04-JUN-2023,2023-06-04 11:32:25
ZZZZ,T0539,11:32:30,04-JUN-2023,2023-06-04 11:32:30
ZZZZ,T0540,11:32:35,04-JUN-2023,2023-06-04 11:32:35
ZZZZ,T0541,11:32:40,04-JUN-2023,2023-06-04 11:32:40
ZZZZ,T0542,11:32:45,04-JUN-2023,2023-06-04 11:32:45
ZZZZ,T0543,11:32:50,04-JUN-2023,2023-06-04 11:32:50
ZZZZ,T0544,11:32:55,04-JUN-2023,2023-06-04 11:32:55
ZZZZ,T0545,11:33:00,04-JUN-2023,2023-06-04 11:33:00
ZZZZ,T0546,11:33:05,04-JUN-2023,2023-06-04 11:33:05
ZZZZ,T0547,11:33:09,04-JUN-2023,2023-06-04 11:33:09
ZZZZ,T0548,11:33:14,04-JUN-2023,2023-06-04 11:33:14
ZZZZ,T0549,11:33:19,04-JUN-2023,2023-06-04 11:33:19
ZZZZ,T0550,11:33:24,04-JUN-2023,2023-06-04 11:33:24
ZZZZ,T0551,11:33:29,04-JUN-2023,2023-06-04 11:33:29
ZZZZ,T0552,11:33:34,04-JUN-2023,2023-06-04 11:33:34
ZZZZ,T0553,11:33:39,04-JUN-2023,2023-06-04 11:33:39
ZZZZ,T0554,11:33:44,04-JUN-2023,2023-06-04 11:33:44
ZZZZ,T0555,11:33:49,04-JUN-2023,2023-06-04 11:33:49
ZZZZ,T0556,11:33:54,04-JUN-2023,2023-06-04 11:33:54
ZZZZ,T0557,11:33:59,04-JUN-2023,2023-06-04 11:33:59
ZZZZ,T0558,11:34:04,04-JUN-2023,2023-06-04 11:34:04
ZZZZ,T0559,11:34:09,04-JUN-2023,2023-06-04 11:34:09
ZZZZ,T0560,11:34:14,04-JUN-2023,2023-06-04 11:34:14
ZZZZ,T0561,11:34:19,04-JUN-2023,2023-06-04 11:34:19
ZZZZ,T0562,11:34:24,04-JUN-2023,2023-06-04 11:34:24
ZZZZ,T0563,11:34:29,04-JUN-2023,2023-06-04 11:34:29
ZZZZ,T0564,11:34:34,04-JUN-2023,2023-06-04 11:34:34
ZZZZ,T0565,11:34:39,04-JUN-2023,2023-06-04 11:34:39
ZZZZ,T0566,11:34:44,04-JUN-2023,2023-06-04 11:34:44
ZZZZ,T0567,11:34:49,04-JUN-2023,2023-06-04 11:34:49
ZZZZ,T0568,11:34:54,04-JUN-2023,2023-06-04 11:34:54
ZZZZ,T0569,11:34:59,04-JUN-2023,2023-06-04 11:34:59
ZZZZ,T0570,11:35:04,04-JUN-2023,2023-06-04 11:35:04
ZZZZ,T0571,11:35:09,04-JUN-2023,2023-06-04 11:35:09
ZZZZ,T0572,11:35:14,04-JUN-2023,2023-06-04 11:35:14
ZZZZ,T0573,11:35:19,04-JUN-2023,2023-06-04 11:35:19
ZZZZ,T0574,11:35:24,04-JUN-2023,2023-06-04 11:35:24
ZZZZ,T0575,11:35:29,04-JUN-2023,2023-06-04 11:35:29
ZZZZ,T0576,11:35:34,04-JUN-2023,2023-06-04 11:35:34
ZZZZ,T0577,11:35:39,04-JUN-2023,2023-06-04 11:35:39
ZZZZ,T0578,11:35:44,04-JUN-2023,2023-06-04 11:35:44
ZZZZ,T0579,11:35:49,04-JUN-2023,2023-06-04 11:35:49
ZZZZ,T0580,11:35:54,04-JUN-2023,2023-06-04 11:35:54
ZZZZ,T0581,11:35:59,04-JUN-2023,2023-06-04 11:35:59
ZZZZ,T0582,11:36:04,04-JUN-2023,2023-06-04 11:36:04
ZZZZ,T0583,11:36:09,04-JUN-2023,2023-06-04 11:36:09
ZZZZ,T0584,11:36:14,04-JUN-2023,2023-06-04 11:36:14
ZZZZ,T0585,11:36:19,04-JUN-2023,2023-06-04 11:36:19
ZZZZ,T0586,11:36:24,04-JUN-2023,2023-06-04 11:36:24
ZZZZ,T0587,11:36:29,04-JUN-2023,2023-06-04 11:36:29
ZZZZ,T0588,11:36:34,04-JUN-2023,2023-06-04 11:36:34
ZZZZ,T0589,11:36:39,04-JUN-2023,2023-06-04 11:36:39
ZZZZ,T0590,11:36:44,04-JUN-2023,2023-06-04 11:36:44
ZZZZ,T0591,11:36:49,04-JUN-2023,2023-06-04 11:36:49
ZZZZ,T0592,11:36:54,04-JUN-2023,2023-06-04 11:36:54
ZZZZ,T0593,11:36:59,04-JUN-2023,2023-06-04 11:36:59
ZZZZ,T0594,11:37:04,04-JUN-2023,2023-06-04 11:37:04
ZZZZ,T0595,11:37:09,04-JUN-2023,2023-06-04 11:37:09
ZZZZ,T0596,11:37:14,04-JUN-2023,2023-06-04 11:37:14
ZZZZ,T0597,11:37:19,04-JUN-2023,2023-06-04 11:37:19
ZZZZ,T0598,11:37:24,04-JUN-2023,2023-06-04 11:37:24
ZZZZ,T0599,11:37:29,04-JUN-2023,2023-06-04 11:37:29
ZZZZ,T0600,11:37:34,04-JUN-2023,2023-06-04 11:37:34
ZZZZ,T0601,11:37:39,04-JUN-2023,2023-06-04 11:37:39
ZZZZ,T0602,11:37:44,04-JUN-2023,2023-06-04 11:37:44
ZZZZ,T0603,11:37:49,04-JUN-2023,2023-06-04 11:37:49
ZZZZ,T0604,11:37:54,04-JUN-2023,2023-06-04 11:37:54
ZZZZ,T0605,11:37:59,04-JUN-2023,2023-06-04 11:37:59
ZZZZ,T0606,11:38:04,04-JUN-2023,2023-06-04 11:38:04
ZZZZ,T0607,11:38:09,04-JUN-2023,2023-06-04 11:38:09
ZZZZ,T0608,11:38:14,04-JUN-2023,2023-06-04 11:38:14
ZZZZ,T0609,11:38:19,04-JUN-2023,2023-06-04 11:38:19
ZZZZ,T0610,11:38:24,04-JUN-2023,2023-06-04 11:38:24
ZZZZ,T0611,11:38:29,04-JUN-2023,2023-06-04 11:38:29
ZZZZ,T0612,11:38:34,04-JUN-2023,2023-06-04 11:38:34
ZZZZ,T0613,11:38:39,04-JUN-2023,2023-06-04 11:38:39
ZZZZ,T0614,11:38:44,04-JUN-2023,2023-06-04 11:38:44
ZZZZ,T0615,11:38:49,04-JUN-2023,2023-06-04 11:38:49
ZZZZ,T0616,11:38:54,04-JUN-2023,2023-06-04 11:38:54
ZZZZ,T0617,11:38:59,04-JUN-2023,2023-06-04 11:38:59
ZZZZ,T0618,11:39:04,04-JUN-2023,2023-06-04 11:39:04
ZZZZ,T0619,11:39:09,04-JUN-2023,2023-06-04 11:39:09
ZZZZ,T0620,11:39:14,04-JUN-2023,2023-06-04 11:39:14
ZZZZ,T0621,11:39:19,04-JUN-2023,2023-06-04 11:39:19
ZZZZ,T0622,11:39:24,04-JUN-2023,2023-06-04 11:39:24
ZZZZ,T0623,11:39:29,04-JUN-2023,2023-06-04 11:39:29
ZZZZ,T0624,11:39:34,04-JUN-2023,2023-06-04 11:39:34
ZZZZ,T0625,11:39:39,04-JUN-2023,2023-06-04 11:39:39
ZZZZ,T0626,11:39:44,04-JUN-2023,2023-06-04 11:39:44
ZZZZ,T0627,11:39:49,04-JUN-2023,2023-06-04 11:39:49
ZZZZ,T0628,11:39:54,04-JUN-2023,2023-06-04 11:39:54
ZZZZ,T0629,11:39:59,04-JUN-2023,2023-06-04 11:39:59
ZZZZ,T0630,11:40:04,04-JUN-2023,2023-06-04 11:40:04
ZZZZ,T0631,11:40:09,04-JUN-2023,2023-06-04 11:40:09
ZZZZ,T0632,11:40:14,04-JUN-2023,2023-06-04 11:40:14
ZZZZ,T0633,11:40:19,04-JUN-2023,2023-06-04 11:40:19
ZZZZ,T0634,11:40:24,04-JUN-2023,2023-06-04 11:40:24
ZZZZ,T0635,11:40:29,04-JUN-2023,2023-06-04 11:40:29
ZZZZ,T0636,11:40:34,04-JUN-2023,2023-06-04 11:40:34
ZZZZ,T0637,11:40:39,04-JUN-2023,2023-06-04 11:40:39
ZZZZ,T0638,11:40:44,04-JUN-2023,2023-06-04 11:40:44
ZZZZ,T0639,11:40:49,04-JUN-2023,2023-06-04 11:40:49
ZZZZ,T0640,11:40:54,04-JUN-2023,2023-06-04 11:40:54
ZZZZ,T0641,11:40:59,04-JUN-2023,2023-06-04 11:40:59
ZZZZ,T0642,11:41:04,04-JUN-2023,2023-06-04 11:41:04
ZZZZ,T0643,11:41:09,04-JUN-2023,2023-06-04 11:41:09
ZZZZ,T0644,11:41:14,04-JUN-2023,2023-06-04 11:41:14
ZZZZ,T0645,11:41:19,04-JUN-2023,2023-06-04 11:41:19
ZZZZ,T0646,11:41:24,04-JUN-2023,2023-06-04 11:41:24
ZZZZ,T0647,11:41:29,04-JUN-2023,2023-06-04 11:41:29
ZZZZ,T0648,11:41:34,04-JUN-2023,2023-06-04 11:41:34
ZZZZ,T0649,11:41:39,04-JUN-2023,2023-06-04 11:41:39
ZZZZ,T0650,11:41:44,04-JUN-2023,2023-06-04 11:41:44
ZZZZ,T0651,11:41:49,04-JUN-2023,2023-06-04 11:41:49
ZZZZ,T0652,11:41:54,04-JUN-2023,2023-06-04 11:41:54
ZZZZ,T0653,11:41:59,04-JUN-2023,2023-06-04 11:41:59
ZZZZ,T0654,11:42:04,04-JUN-2023,2023-06-04 11:42:04
ZZZZ,T0655,11:42:09,04-JUN-2023,2023-06-04 11:42:09
ZZZZ,T0656,11:42:14,04-JUN-2023,2023-06-04 11:42:14
ZZZZ,T0657,11:42:19,04-JUN-2023,2023-06-04 11:42:19
ZZZZ,T0658,11:42:24,04-JUN-2023,2023-06-04 11:42:24
ZZZZ,T0659,11:42:29,04-JUN-2023,2023-06-04 11:42:29
ZZZZ,T0660,11:42:34,04-JUN-2023,2023-06-04 11:42:34
ZZZZ,T0661,11:42:39,04-JUN-2023,2023-06-04 11:42:39
ZZZZ,T0662,11:42:44,04-JUN-2023,2023-06-04 11:42:44
ZZZZ,T0663,11:42:49,04-JUN-2023,2023-06-04 11:42:49
ZZZZ,T0664,11:42:54,04-JUN-2023,2023-06-04 11:42:54
ZZZZ,T0665,11:43:00,04-JUN-2023,2023-06-04 11:43:00
ZZZZ,T0666,11:43:05,04-JUN-2023,2023-06-04 11:43:05
ZZZZ,T0667,11:43:10,04-JUN-2023,2023-06-04 11:43:10
ZZZZ,T0668,11:43:15,04-JUN-2023,2023-06-04 11:43:15
ZZZZ,T0669,11:43:20,04-JUN-2023,2023-06-04 11:43:20
ZZZZ,T0670,11:43:25,04-JUN-2023,2023-06-04 11:43:25
ZZZZ,T0671,11:43:30,04-JUN-2023,2023-06-04 11:43:30
ZZZZ,T0672,11:43:35,04-JUN-2023,2023-06-04 11:43:35
ZZZZ,T0673,11:43:40,04-JUN-2023,2023-06-04 11:43:40
ZZZZ,T0674,11:43:45,04-JUN-2023,2023-06-04 11:43:45
ZZZZ,T0675,11:43:50,04-JUN-2023,2023-06-04 11:43:50
ZZZZ,T0676,11:43:55,04-JUN-2023,2023-06-04 11:43:55
ZZZZ,T0677,11:44:00,04-JUN-2023,2023-06-04 11:44:00
ZZZZ,T0678,11:44:05,04-JUN-2023,2023-06-04 11:44:05
ZZZZ,T0679,11:44:10,04-JUN-2023,2023-06-04 11:44:10
ZZZZ,T0680,11:44:15,04-JUN-2023,2023-06-04 11:44:15
ZZZZ,T0681,11:44:20,04-JUN-2023,2023-06-04 11:44:20
ZZZZ,T0682,11:44:25,04-JUN-2023,2023-06-04 11:44:25
ZZZZ,T0683,11:44:30,04-JUN-2023,2023-06-04 11:44:30
ZZZZ,T0684,11:44:35,04-JUN-2023,2023-06-04 11:44:35
ZZZZ,T0685,11:44:40,04-JUN-2023,2023-06-04 11:44:40
ZZZZ,T0686,11:44:45,04-JUN-2023,2023-06-04 11:44:45
ZZZZ,T0687,11:44:50,04-JUN-2023,2023-06-04 11:44:50
ZZZZ,T0688,11:44:55,04-JUN-2023,2023-06-04 11:44:55
ZZZZ,T0689,11:45:00,04-JUN-2023,2023-06-04 11:45:00
ZZZZ,T0690,11:45:05,04-JUN-2023,2023-06-04 11:45:05
ZZZZ,T0691,11:45:10,04-JUN-2023,2023-06-04 11:45:10
ZZZZ,T0692,11:45:15,04-JUN-2023,2023-06-04 11:45:15
ZZZZ,T0693,11:45:20,04-JUN-2023,2023-06-04 11:45:20
ZZZZ,T0694,11:45:25,04-JUN-2023,2023-06-04 11:45:25
ZZZZ,T0695,11:45:30,04-JUN-2023,2023-06-04 11:45:30
ZZZZ,T0696,11:45:35,04-JUN-2023,2023-06-04 11:45:35
ZZZZ,T0697,11:45:40,04-JUN-2023,2023-06-04 11:45:40
ZZZZ,T0698,11:45:45,04-JUN-2023,2023-06-04 11:45:45
ZZZZ,T0699,11:45:50,04-JUN-2023,2023-06-04 11:45:50
ZZZZ,T0700,11:45:55,04-JUN-2023,2023-06-04 11:45:55
ZZZZ,T0701,11:46:00,04-JUN-2023,2023-06-04 11:46:00
ZZZZ,T0702,11:46:05,04-JUN-2023,2023-06-04 11:46:05
ZZZZ,T0703,11:46:10,04-JUN-2023,2023-06-04 11:46:10
ZZZZ,T0704,11:46:15,04-JUN-2023,2023-06-04 11:46:15
ZZZZ,T0705,11:46:20,04-JUN-2023,2023-06-04 11:46:20
ZZZZ,T0706,11:46:25,04-JUN-2023,2023-06-04 11:46:25
ZZZZ,T0707,11:46:30,04-JUN-2023,2023-06-04 11:46:30
ZZZZ,T0708,11:46:35,04-JUN-2023,2023-06-04 11:46:35
ZZZZ,T0709,11:46:40,04-JUN-2023,2023-06-04 11:46:40
ZZZZ,T0710,11:46:45,04-JUN-2023,2023-06-04 11:46:45
ZZZZ,T0711,11:46:50,04-JUN-2023,2023-06-04 11:46:50
ZZZZ,T0712,11:46:55,04-JUN-2023,2023-06-04 11:46:55
ZZZZ,T0713,11:47:00,04-JUN-2023,2023-06-04 11:47:00
ZZZZ,T0714,11:47:05,04-JUN-2023,2023-06-04 11:47:05
ZZZZ,T0715,11:47:10,04-JUN-2023,2023-06-04 11:47:10
ZZZZ,T0716,11:47:15,04-JUN-2023,2023-06-04 11:47:15
ZZZZ,T0717,11:47:20,04-JUN-2023,2023-06-04 11:47:20
ZZZZ,T0718,11:47:25,04-JUN-2023,2023-06-04 11:47:25
ZZZZ,T0719,11:47:30,04-JUN-2023,2023-06-04 11:47:30
ZZZZ,T0720,11:47:35,04-JUN-2023,2023-06-04 11:47:35
ZZZZ,T0721,11:47:40,04-JUN-2023,2023-06-04 11:47:40
ZZZZ,T0722,11:47:45,04-JUN-2023,2023-06-04 11:47:45
ZZZZ,T0723,11:47:50,04-JUN-2023,2023-06-04 11:47:50
ZZZZ,T0724,11:47:55,04-JUN-2023,2023-06-04 11:47:55
ZZZZ,T0725,11:48:00,04-JUN-2023,2023-06-04 11:48:00
ZZZZ,T0726,11:48:05,04-JUN-2023,2023-06-04 11:48:05
ZZZZ,T0727,11:48:10,04-JUN-2023,2023-06-04 11:48:10
ZZZZ,T0728,11:48:15,04-JUN-2023,2023-06-04 11:48:15
ZZZZ,T0729,11:48:20,04-JUN-2023,2023-06-04 11:48:20
ZZZZ,T0730,11:48:24,04-JUN-2023,2023-06-04 11:48:24
ZZZZ,T0731,11:48:29,04-JUN-2023,2023-06-04 11:48:29
ZZZZ,T0732,11:48:34,04-JUN-2023,2023-06-04 11:48:34
ZZZZ,T0733,11:48:39,04-JUN-2023,2023-06-04 11:48:39
ZZZZ,T0734,11:48:44,04-JUN-2023,2023-06-04 11:48:44
ZZZZ,T0735,11:48:49,04-JUN-2023,2023-06-04 11:48:49
ZZZZ,T0736,11:48:54,04-JUN-2023,2023-06-04 11:48:54
ZZZZ,T0737,11:48:59,04-JUN-2023,2023-06-04 11:48:59
ZZZZ,T0738,11:49:04,04-JUN-2023,2023-06-04 11:49:04
ZZZZ,T0739,11:49:09,04-JUN-2023,2023-06-04 11:49:09
ZZZZ,T0740,11:49:14,04-JUN-2023,2023-06-04 11:49:14
ZZZZ,T0741,11:49:19,04-JUN-2023,2023-06-04 11:49:19
ZZZZ,T0742,11:49:24,04-JUN-2023,2023-06-04 11:49:24
ZZZZ,T0743,11:49:29,04-JUN-2023,2023-06-04 11:49:29
ZZZZ,T0744,11:49:34,04-JUN-2023,2023-06-04 11:49:34
ZZZZ,T0745,11:49:39,04-JUN-2023,2023-06-04 11:49:39
ZZZZ,T0746,11:49:44,04-JUN-2023,2023-06-04 11:49:44
ZZZZ,T0747,11:49:49,04-JUN-2023,2023-06-04 11:49:49
ZZZZ,T0748,11:49:54,04-JUN-2023,2023-06-04 11:49:54
ZZZZ,T0749,11:49:59,04-JUN-2023,2023-06-04 11:49:59
ZZZZ,T0750,11:50:04,04-JUN-2023,2023-06-04 11:50:04
ZZZZ,T0751,11:50:09,04-JUN-2023,2023-06-04 11:50:09
ZZZZ,T0752,11:50:14,04-JUN-2023,2023-06-04 11:50:14
ZZZZ,T0753,11:50:19,04-JUN-2023,2023-06-04 11:50:19
ZZZZ,T0754,11:50:24,04-JUN-2023,2023-06-04 11:50:24
ZZZZ,T0755,11:50:29,04-JUN-2023,2023-06-04 11:50:29
ZZZZ,T0756,11:50:34,04-JUN-2023,2023-06-04 11:50:34
ZZZZ,T0757,11:50:39,04-JUN-2023,2023-06-04 11:50:39
ZZZZ,T0758,11:50:44,04-JUN-2023,2023-06-04 11:50:44
ZZZZ,T0759,11:50:49,04-JUN-2023,2023-06-04 11:50:49
ZZZZ,T0760,11:50:54,04-JUN-2023,2023-06-04 11:50:54
ZZZZ,T0761,11:50:59,04-JUN-2023,2023-06-04 11:50:59
ZZZZ,T0762,11:51:04,04-JUN-2023,2023-06-04 11:51:04
ZZZZ,T0763,11:51:09,04-JUN-2023,2023-06-04 11:51:09
ZZZZ,T0764,11:51:14,04-JUN-2023,2023-06-04 11:51:14
ZZZZ,T0765,11:51:19,04-JUN-2023,2023-06-04 11:51:19
ZZZZ,T0766,11:51:24,04-JUN-2023,2023-06-04 11:51:24
ZZZZ,T0767,11:51:29,04-JUN-2023,2023-06-04 11:51:29
ZZZZ,T0768,11:51:34,04-JUN-2023,2023-06-04 11:51:34
ZZZZ,T0769,11:51:39,04-JUN-2023,2023-06-04 11:51:39
ZZZZ,T0770,11:51:44,04-JUN-2023,2023-06-04 11:51:44
ZZZZ,T0771,11:51:49,04-JUN-2023,2023-06-04 11:51:49
ZZZZ,T0772,11:51:54,04-JUN-2023,2023-06-04 11:51:54
ZZZZ,T0773,11:51:59,04-JUN-2023,2023-06-04 11:51:59
ZZZZ,T0774,11:52:04,04-JUN-2023,2023-06-04 11:52:04
ZZZZ,T0775,11:52:09,04-JUN-2023,2023-06-04 11:52:09
ZZZZ,T0776,11:52:14,04-JUN-2023,2023-06-04 11:52:14
ZZZZ,T0777,11:52:19,04-JUN-2023,2023-06-04 11:52:19
ZZZZ,T0778,11:52:24,04-JUN-2023,2023-06-04 11:52:24
ZZZZ,T0779,11:52:29,04-JUN-2023,2023-06-04 11:52:29
ZZZZ,T0780,11:52:34,04-JUN-2023,2023-06-04 11:52:34
ZZZZ,T0781,11:52:39,04-JUN-2023,2023-06-04 11:52:39
ZZZZ,T0782,11:52:44,04-JUN-2023,2023-06-04 11:52:44
ZZZZ,T0783,11:52:49,04-JUN-2023,2023-06-04 11:52:49
ZZZZ,T0784,11:52:54,04-JUN-2023,2023-06-04 11:52:54
ZZZZ,T0785,11:52:59,04-JUN-2023,2023-06-04 11:52:59
ZZZZ,T0786,11:53:04,04-JUN-2023,2023-06-04 11:53:04
ZZZZ,T0787,11:53:09,04-JUN-2023,2023-06-04 11:53:09
ZZZZ,T0788,11:53:14,04-JUN-2023,2023-06-04 11:53:14
ZZZZ,T0789,11:53:19,04-JUN-2023,2023-06-04 11:53:19
ZZZZ,T0790,11:53:24,04-JUN-2023,2023-06-04 11:53:24
ZZZZ,T0791,11:53:29,04-JUN-2023,2023-06-04 11:53:29
ZZZZ,T0792,11:53:34,04-JUN-2023,2023-06-04 11:53:34
ZZZZ,T0793,11:53:39,04-JUN-2023,2023-06-04 11:53:39
ZZZZ,T0794,11:53:44,04-JUN-2023,2023-06-04 11:53:44
ZZZZ,T0795,11:53:49,04-JUN-2023,2023-06-04 11:53:49
ZZZZ,T0796,11:53:54,04-JUN-2023,2023-06-04 11:53:54
ZZZZ,T0797,11:53:59,04-JUN-2023,2023-06-04 11:53:59
ZZZZ,T0798,11:54:04,04-JUN-2023,2023-06-04 11:54:04
ZZZZ,T0799,11:54:09,04-JUN-2023,2023-06-04 11:54:09
ZZZZ,T0800,11:54:14,04-JUN-2023,2023-06-04 11:54:14
ZZZZ,T0801,11:54:19,04-JUN-2023,2023-06-04 11:54:19
ZZZZ,T0802,11:54:24,04-JUN-2023,2023-06-04 11:54:24
ZZZZ,T0803,11:54:29,04-JUN-2023,2023-06-04 11:54:29
ZZZZ,T0804,11:54:34,04-JUN-2023,2023-06-04 11:54:34
ZZZZ,T0805,11:54:39,04-JUN-2023,2023-06-04 11:54:39
ZZZZ,T0806,11:54:44,04-JUN-2023,2023-06-04 11:54:44
ZZZZ,T0807,11:54:49,04-JUN-2023,2023-06-04 11:54:49
ZZZZ,T0808,11:54:54,04-JUN-2023,2023-06-04 11:54:54
ZZZZ,T0809,11:54:59,04-JUN-2023,2023-06-04 11:54:59
ZZZZ,T0810,11:55:04,04-JUN-2023,2023-06-04 11:55:04
ZZZZ,T0811,11:55:09,04-JUN-2023,2023-06-04 11:55:09
ZZZZ,T0812,11:55:14,04-JUN-2023,2023-06-04 11:55:14
ZZZZ,T0813,11:55:19,04-JUN-2023,2023-06-04 11:55:19
ZZZZ,T0814,11:55:24,04-JUN-2023,2023-06-04 11:55:24
ZZZZ,T0815,11:55:29,04-JUN-2023,2023-06-04 11:55:29
ZZZZ,T0816,11:55:34,04-JUN-2023,2023-06-04 11:55:34
ZZZZ,T0817,11:55:39,04-JUN-2023,2023-06-04 11:55:39
ZZZZ,T0818,11:55:44,04-JUN-2023,2023-06-04 11:55:44
ZZZZ,T0819,11:55:49,04-JUN-2023,2023-06-04 11:55:49
ZZZZ,T0820,11:55:54,04-JUN-2023,2023-06-04 11:55:54
ZZZZ,T0821,11:55:59,04-JUN-2023,2023-06-04 11:55:59
ZZZZ,T0822,11:56:04,04-JUN-2023,2023-06-04 11:56:04
ZZZZ,T0823,11:56:09,04-JUN-2023,2023-06-04 11:56:09
ZZZZ,T0824,11:56:14,04-JUN-2023,2023-06-04 11:56:14
ZZZZ,T0825,11:56:19,04-JUN-2023,2023-06-04 11:56:19
ZZZZ,T0826,11:56:24,04-JUN-2023,2023-06-04 11:56:24
ZZZZ,T0827,11:56:29,04-JUN-2023,2023-06-04 11:56:29
ZZZZ,T0828,11:56:34,04-JUN-2023,2023-06-04 11:56:34
ZZZZ,T0829,11:56:39,04-JUN-2023,2023-06-04 11:56:39
ZZZZ,T0830,11:56:44,04-JUN-2023,2023-06-04 11:56:44
ZZZZ,T0831,11:56:49,04-JUN-2023,2023-06-04 11:56:49
ZZZZ,T0832,11:56:54,04-JUN-2023,2023-06-04 11:56:54
ZZZZ,T0833,11:56:59,04-JUN-2023,2023-06-04 11:56:59
ZZZZ,T0834,11:57:04,04-JUN-2023,2023-06-04 11:57:04
ZZZZ,T0835,11:57:09,04-JUN-2023,2023-06-04 11:57:09
ZZZZ,T0836,11:57:14,04-JUN-2023,2023-06-04 11:57:14
ZZZZ,T0837,11:57:19,04-JUN-2023,2023-06-04 11:57:19
ZZZZ,T0838,11:57:24,04-JUN-2023,2023-06-04 11:57:24
ZZZZ,T0839,11:57:29,04-JUN-2023,2023-06-04 11:57:29
ZZZZ,T0840,11:57:34,04-JUN-2023,2023-06-04 11:57:34
ZZZZ,T0841,11:57:39,04-JUN-2023,2023-06-04 11:57:39
ZZZZ,T0842,11:57:44,04-JUN-2023,2023-06-04 11:57:44
ZZZZ,T0843,11:57:49,04-JUN-2023,2023-06-04 11:57:49
ZZZZ,T0844,11:57:54,04-JUN-2023,2023-06-04 11:57:54
ZZZZ,T0845,11:58:00,04-JUN-2023,2023-06-04 11:58:00
ZZZZ,T0846,11:58:05,04-JUN-2023,2023-06-04 11:58:05
ZZZZ,T0847,11:58:10,04-JUN-2023,2023-06-04 11:58:10
ZZZZ,T0848,11:58:15,04-JUN-2023,2023-06-04 11:58:15
ZZZZ,T0849,11:58:20,04-JUN-2023,2023-06-04 11:58:20
ZZZZ,T0850,11:58:25,04-JUN-2023,2023-06-04 11:58:25
ZZZZ,T0851,11:58:30,04-JUN-2023,2023-06-04 11:58:30
ZZZZ,T0852,11:58:35,04-JUN-2023,2023-06-04 11:58:35
ZZZZ,T0853,11:58:40,04-JUN-2023,2023-06-04 11:58:40
ZZZZ,T0854,11:58:45,04-JUN-2023,2023-06-04 11:58:45
ZZZZ,T0855,11:58:50,04-JUN-2023,2023-06-04 11:58:50
ZZZZ,T0856,11:58:55,04-JUN-2023,2023-06-04 11:58:55
ZZZZ,T0857,11:59:00,04-JUN-2023,2023-06-04 11:59:00
ZZZZ,T0858,11:59:05,04-JUN-2023,2023-06-04 11:59:05
ZZZZ,T0859,11:59:10,04-JUN-2023,2023-06-04 11:59:10
ZZZZ,T0860,11:59:15,04-JUN-2023,2023-06-04 11:59:15
ZZZZ,T0861,11:59:20,04-JUN-2023,2023-06-04 11:59:20
ZZZZ,T0862,11:59:25,04-JUN-2023,2023-06-04 11:59:25
ZZZZ,T0863,11:59:30,04-JUN-2023,2023-06-04 11:59:30
ZZZZ,T0864,11:59:35,04-JUN-2023,2023-06-04 11:59:35
ZZZZ,T0865,11:59:40,04-JUN-2023,2023-06-04 11:59:40
ZZZZ,T0866,11:59:45,04-JUN-2023,2023-06-04 11:59:45
ZZZZ,T0867,11:59:50,04-JUN-2023,2023-06-04 11:59:50
ZZZZ,T0868,11:59:55,04-JUN-2023,2023-06-04 11:59:55
ZZZZ,T0869,12:00:00,04-JUN-2023,2023-06-04 12:00:00
ZZZZ,T0870,12:00:05,04-JUN-2023,2023-06-04 12:00:05
ZZZZ,T0871,12:00:10,04-JUN-2023,2023-06-04 12:00:10
ZZZZ,T0872,12:00:15,04-JUN-2023,2023-06-04 12:00:15
ZZZZ,T0873,12:00:20,04-JUN-2023,2023-06-04 12:00:20
ZZZZ,T0874,12:00:25,04-JUN-2023,2023-06-04 12:00:25
ZZZZ,T0875,12:00:30,04-JUN-2023,2023-06-04 12:00:30
ZZZZ,T0876,12:00:35,04-JUN-2023,2023-06-04 12:00:35
ZZZZ,T0877,12:00:40,04-JUN-2023,2023-06-04 12:00:40
ZZZZ,T0878,12:00:45,04-JUN-2023,2023-06-04 12:00:45
ZZZZ,T0879,12:00:50,04-JUN-2023,2023-06-04 12:00:50
ZZZZ,T0880,12:00:55,04-JUN-2023,2023-06-04 12:00:55
ZZZZ,T0881,12:01:00,04-JUN-2023,2023-06-04 12:01:00
ZZZZ,T0882,12:01:05,04-JUN-2023,2023-06-04 12:01:05
ZZZZ,T0883,12:01:10,04-JUN-2023,2023-06-04 12:01:10
ZZZZ,T0884,12:01:15,04-JUN-2023,2023-06-04 12:01:15
ZZZZ,T0885,12:01:20,04-JUN-2023,2023-06-04 12:01:20
ZZZZ,T0886,12:01:25,04-JUN-2023,2023-06-04 12:01:25
ZZZZ,T0887,12:01:30,04-JUN-2023,2023-06-04 12:01:30
ZZZZ,T0888,12:01:35,04-JUN-2023,2023-06-04 12:01:35
ZZZZ,T0889,12:01:40,04-JUN-2023,2023-06-04 12:01:40
ZZZZ,T0890,12:01:45,04-JUN-2023,2023-06-04 12:01:45
ZZZZ,T0891,12:01:50,04-JUN-2023,2023-06-04 12:01:50
ZZZZ,T0892,12:01:55,04-JUN-2023,2023-06-04 12:01:55
ZZZZ,T0893,12:02:00,04-JUN-2023,2023-06-04 12:02:00
ZZZZ,T0894,12:02:05,04-JUN-2023,2023-06-04 12:02:05
ZZZZ,T0895,12:02:10,04-JUN-2023,2023-06-04 12:02:10
ZZZZ,T0896,12:02:15,04-JUN-2023,2023-06-04 12:02:15
ZZZZ,T0897,12:02:20,04-JUN-2023,2023-06-04 12:02:20
ZZZZ,T0898,12:02:25,04-JUN-2023,2023-06-04 12:02:25
ZZZZ,T0899,12:02:30,04-JUN-2023,2023-06-04 12:02:30
ZZZZ,T0900,12:02:35,04-JUN-2023,2023-06-04 12:02:35
ZZZZ,T0901,12:02:40,04-JUN-2023,2023-06-04 12:02:40
ZZZZ,T0902,12:02:45,04-JUN-2023,2023-06-04 12:02:45
ZZZZ,T0903,12:02:50,04-JUN-2023,2023-06-04 12:02:50
ZZZZ,T0904,12:02:55,04-JUN-2023,2023-06-04 12:02:55
ZZZZ,T0905,12:03:00,04-JUN-2023,2023-06-04 12:03:00
ZZZZ,T0906,12:03:05,04-JUN-2023,2023-06-04 12:03:05
ZZZZ,T0907,12:03:10,04-JUN-2023,2023-06-04 12:03:10
ZZZZ,T0908,12:03:15,04-JUN-2023,2023-06-04 12:03:15
ZZZZ,T0909,12:03:20,04-JUN-2023,2023-06-04 12:03:20
ZZZZ,T0910,12:03:25,04-JUN-2023,2023-06-04 12:03:25
ZZZZ,T0911,12:03:30,04-JUN-2023,2023-06-04 12:03:30
ZZZZ,T0912,12:03:35,04-JUN-2023,2023-06-04 12:03:35
ZZZZ,T0913,12:03:39,04-JUN-2023,2023-06-04 12:03:39
ZZZZ,T0914,12:03:44,04-JUN-2023,2023-06-04 12:03:44
ZZZZ,T0915,12:03:49,04-JUN-2023,2023-06-04 12:03:49
ZZZZ,T0916,12:03:54,04-JUN-2023,2023-06-04 12:03:54
ZZZZ,T0917,12:03:59,04-JUN-2023,2023-06-04 12:03:59
ZZZZ,T0918,12:04:04,04-JUN-2023,2023-06-04 12:04:04
ZZZZ,T0919,12:04:09,04-JUN-2023,2023-06-04 12:04:09
ZZZZ,T0920,12:04:14,04-JUN-2023,2023-06-04 12:04:14
ZZZZ,T0921,12:04:19,04-JUN-2023,2023-06-04 12:04:19
ZZZZ,T0922,12:04:24,04-JUN-2023,2023-06-04 12:04:24
ZZZZ,T0923,12:04:29,04-JUN-2023,2023-06-04 12:04:29
ZZZZ,T0924,12:04:34,04-JUN-2023,2023-06-04 12:04:34
ZZZZ,T0925,12:04:39,04-JUN-2023,2023-06-04 12:04:39
ZZZZ,T0926,12:04:44,04-JUN-2023,2023-06-04 12:04:44
ZZZZ,T0927,12:04:49,04-JUN-2023,2023-06-04 12:04:49
ZZZZ,T0928,12:04:54,04-JUN-2023,2023-06-04 12:04:54
ZZZZ,T0929,12:04:59,04-JUN-2023,2023-06-04 12:04:59
ZZZZ,T0930,12:05:04,04-JUN-2023,2023-06-04 12:05:04
ZZZZ,T0931,12:05:09,04-JUN-2023,2023-06-04 12:05:09
ZZZZ,T0932,12:05:14,04-JUN-2023,2023-06-04 12:05:14
ZZZZ,T0933,12:05:19,04-JUN-2023,2023-06-04 12:05:19
ZZZZ,T0934,12:05:24,04-JUN-2023,2023-06-04 12:05:24
ZZZZ,T0935,12:05:29,04-JUN-2023,2023-06-04 12:05:29
ZZZZ,T0936,12:05:34,04-JUN-2023,2023-06-04 12:05:34
ZZZZ,T0937,12:05:39,04-JUN-2023,2023-06-04 12:05:39
ZZZZ,T0938,12:05:44,04-JUN-2023,2023-06-04 12:05:44
ZZZZ,T0939,12:05:49,04-JUN-2023,2023-06-04 12:05:49
ZZZZ,T0940,12:05:54,04-JUN-2023,2023-06-04 12:05:54
ZZZZ,T0941,12:05:59,04-JUN-2023,2023-06-04 12:05:59
ZZZZ,T0942,12:06:04,04-JUN-2023,2023-06-04 12:06:04
ZZZZ,T0943,12:06:09,04-JUN-2023,2023-06-04 12:06:09
ZZZZ,T0944,12:06:14,04-JUN-2023,2023-06-04 12:06:14
ZZZZ,T0945,12:06:19,04-JUN-2023,2023-06-04 12:06:19
ZZZZ,T0946,12:06:24,04-JUN-2023,2023-06-04 12:06:24
ZZZZ,T0947,12:06:29,04-JUN-2023,2023-06-04 12:06:29
ZZZZ,T0948,12:06:34,04-JUN-2023,2023-06-04 12:06:34
ZZZZ,T0949,12:06:39,04-JUN-2023,2023-06-04 12:06:39
ZZZZ,T0950,12:06:44,04-JUN-2023,2023-06-04 12:06:44
ZZZZ,T0951,12:06:49,04-JUN-2023,2023-06-04 12:06:49
ZZZZ,T0952,12:06:54,04-JUN-2023,2023-06-04 12:06:54
ZZZZ,T0953,12:06:59,04-JUN-2023,2023-06-04 12:06:59
ZZZZ,T0954,12:07:04,04-JUN-2023,2023-06-04 12:07:04
ZZZZ,T0955,12:07:09,04-JUN-2023,2023-06-04 12:07:09
ZZZZ,T0956,12:07:14,04-JUN-2023,2023-06-04 12:07:14
ZZZZ,T0957,12:07:19,04-JUN-2023,2023-06-04 12:07:19
ZZZZ,T0958,12:07:24,04-JUN-2023,2023-06-04 12:07:24
ZZZZ,T0959,12:07:29,04-JUN-2023,2023-06-04 12:07:29
ZZZZ,T0960,12:07:34,04-JUN-2023,2023-06-04 12:07:34
ZZZZ,T0961,12:07:39,04-JUN-2023,2023-06-04 12:07:39
ZZZZ,T0962,12:07:44,04-JUN-2023,2023-06-04 12:07:44
ZZZZ,T0963,12:07:49,04-JUN-2023,2023-06-04 12:07:49
ZZZZ,T0964,12:07:54,04-JUN-2023,2023-06-04 12:07:54
ZZZZ,T0965,12:07:59,04-JUN-2023,2023-06-04 12:07:59
ZZZZ,T0966,12:08:04,04-JUN-2023,2023-06-04 12:08:04
ZZZZ,T0967,12:08:09,04-JUN-2023,2023-06-04 12:08:09
ZZZZ,T0968,12:08:14,04-JUN-2023,2023-06-04 12:08:14
ZZZZ,T0969,12:08:19,04-JUN-2023,2023-06-04 12:08:19
ZZZZ,T0970,12:08:24,04-JUN-2023,2023-06-04 12:08:24
ZZZZ,T0971,12:08:29,04-JUN-2023,2023-06-04 12:08:29
ZZZZ,T0972,12:08:34,04-JUN-2023,2023-06-04 12:08:34
ZZZZ,T0973,12:08:39,04-JUN-2023,2023-06-04 12:08:39
ZZZZ,T0974,12:08:44,04-JUN-2023,2023-06-04 12:08:44
ZZZZ,T0975,12:08:49,04-JUN-2023,2023-06-04 12:08:49
ZZZZ,T0976,12:08:54,04-JUN-2023,2023-06-04 12:08:54
ZZZZ,T0977,12:08:59,04-JUN-2023,2023-06-04 12:08:59
ZZZZ,T0978,12:09:04,04-JUN-2023,2023-06-04 12:09:04
ZZZZ,T0979,12:09:09,04-JUN-2023,2023-06-04 12:09:09
ZZZZ,T0980,12:09:14,04-JUN-2023,2023-06-04 12:09:14
ZZZZ,T0981,12:09:19,04-JUN-2023,2023-06-04 12:09:19
ZZZZ,T0982,12:09:24,04-JUN-2023,2023-06-04 12:09:24
ZZZZ,T0983,12:09:29,04-JUN-2023,2023-06-04 12:09:29
ZZZZ,T0984,12:09:34,04-JUN-2023,2023-06-04 12:09:34
ZZZZ,T0985,12:09:39,04-JUN-2023,2023-06-04 12:09:39
ZZZZ,T0986,12:09:44,04-JUN-2023,2023-06-04 12:09:44
ZZZZ,T0987,12:09:49,04-JUN-2023,2023-06-04 12:09:49
ZZZZ,T0988,12:09:54,04-JUN-2023,2023-06-04 12:09:54
ZZZZ,T0989,12:09:59,04-JUN-2023,2023-06-04 12:09:59
ZZZZ,T0990,12:10:04,04-JUN-2023,2023-06-04 12:10:04
ZZZZ,T0991,12:10:09,04-JUN-2023,2023-06-04 12:10:09
ZZZZ,T0992,12:10:14,04-JUN-2023,2023-06-04 12:10:14
ZZZZ,T0993,12:10:19,04-JUN-2023,2023-06-04 12:10:19
ZZZZ,T0994,12:10:24,04-JUN-2023,2023-06-04 12:10:24
ZZZZ,T0995,12:10:29,04-JUN-2023,2023-06-04 12:10:29
ZZZZ,T0996,12:10:34,04-JUN-2023,2023-06-04 12:10:34
ZZZZ,T0997,12:10:39,04-JUN-2023,2023-06-04 12:10:39
ZZZZ,T0998,12:10:44,04-JUN-2023,2023-06-04 12:10:44
ZZZZ,T0999,12:10:49,04-JUN-2023,2023-06-04 12:10:49
ZZZZ,T1000,12:10:54,04-JUN-2023,2023-06-04 12:10:54
